id,season,date,home,away,hg,ag,hs,as,hxg,axg,hc,ac,dc_h,dc_d,dc_a,dc_over,o_h,o_d,o_a,o_over,o_under,elod,neutro
2661,2024,2024-08-15,129,135,1,1,7,9,0.33,0.84,5,6,,,,,,,,,,167.5,0
2662,2024,2024-08-15,134,126,1,1,19,13,1.44,1.58,4,4,,,,,,,,,,-85.8,0
2663,2024,2024-08-16,131,138,2,1,6,10,0.83,1.6,3,3,,,,,,,,,,19.6,0
2664,2024,2024-08-16,127,123,2,2,15,18,1.41,1.85,6,3,,,,,,,,,,-66.5,0
2665,2024,2024-08-17,132,150,1,1,16,10,1.74,0.98,6,4,,,,,,,,,,34.1,0
2666,2024,2024-08-17,124,136,1,2,6,18,1.01,3.22,3,8,,,,,,,,,,-267.8,0
2667,2024,2024-08-18,125,122,1,2,11,12,1.08,1.11,10,5,,,,,,,,,,176.4,0
2668,2024,2024-08-18,128,130,1,1,12,13,1.03,0.6,8,7,,,,,,,,,,-408.1,0
2669,2024,2024-08-19,157,158,1,0,12,10,0.8,0.66,3,2,,,,,,,,,,-3.4,0
2670,2024,2024-08-19,133,139,2,2,9,9,0.79,1.11,2,3,,,,,,,,,,-109.4,0
2671,2024,2024-08-23,131,124,3,1,7,13,1.32,0.93,4,7,,,,,,,,,,2.5,0
2672,2024,2024-08-23,123,133,1,2,16,8,1.04,0.87,7,2,,,,,,,,,,-103.5,0
2673,2024,2024-08-24,132,128,1,0,15,10,0.57,0.57,5,4,,,,,,,,,,0.8,0
2674,2024,2024-08-24,136,129,2,1,13,8,1.83,1.03,5,6,,,,,,,,,,155.3,0
2675,2024,2024-08-24,135,122,0,0,12,3,0.48,0.24,3,2,,,,,,,,,,1.3,0
2676,2024,2024-08-24,158,125,0,1,13,10,1.78,0.77,7,4,,,,,,,,,,-192.7,0
2677,2024,2024-08-25,130,157,3,0,17,8,2.14,0.42,5,5,,,,,,,,,,453.8,0
2678,2024,2024-08-25,150,127,2,1,10,10,1.48,0.88,3,7,,,,,,,,,,21.0,0
2679,2024,2024-08-25,138,134,0,0,5,15,0.21,1.49,3,8,,,,,,,,,,-119.1,0
2680,2024,2024-08-25,139,126,3,0,11,13,1.22,0.68,1,9,,,,,,,,,,47.1,0
2681,2024,2024-08-26,133,131,4,3,24,20,3.7,2.71,7,4,,,,,,,,,,105.9,0
2682,2024,2024-08-27,128,123,0,0,12,16,0.9,0.74,5,9,,,,,,,,,,-16.9,0
2683,2024,2024-08-27,122,136,1,2,8,22,0.37,1.41,6,6,,,,,,,,,,-314.9,0
2684,2024,2024-08-28,129,124,1,0,13,2,1.38,0.08,5,3,,,,,,,,,,129.8,0
2685,2024,2024-08-28,157,150,0,0,12,7,1.13,0.18,4,4,,,,,,,,,,-42.3,0
2686,2024,2024-08-28,125,138,1,2,10,14,1.03,1.59,8,6,,,,,,,,,,146.6,0
2687,2024,2024-08-28,139,158,0,0,25,8,2.47,0.61,9,3,,,,,,,,,,320.5,0
2688,2024,2024-08-29,126,132,4,0,10,1,2.42,0.04,5,0,,,,,,,,,,159.9,0
2689,2024,2024-08-29,127,130,1,1,7,25,0.76,2.95,2,6,,,,,,,,,,-451.0,0
2690,2024,2024-08-31,136,157,7,0,23,4,4.77,0.52,10,1,,,,,,,,,,358.2,0
2691,2024,2024-08-31,129,139,0,1,8,9,0.29,1.73,2,2,,,,,,,,,,-100.0,0
2692,2024,2024-08-31,158,122,2,1,10,17,1.68,1.29,3,7,,,,,,,,,,-44.8,0
2693,2024,2024-08-31,150,128,0,1,9,12,0.32,1.02,1,3,,,,,,,,,,-10.0,0
2694,2024,2024-08-31,124,133,1,1,22,9,1.07,0.51,14,3,,,,,,,,,,-143.0,0
2695,2024,2024-09-01,132,131,3,2,10,12,0.96,1.69,6,3,,,,,,,,,,-17.8,0
2696,2024,2024-09-01,138,127,2,0,15,12,2.04,0.68,6,5,,,,,,,,,,42.4,0
2697,2024,2024-09-01,123,126,0,2,16,11,0.97,1.94,7,5,,,,,,,,,,-166.8,0
2698,2024,2024-09-01,135,125,0,0,16,1,0.57,0.02,4,1,,,,,,,,,,-136.0,0
2699,2024,2024-09-01,130,134,2,0,22,11,2.45,0.57,7,3,,,,,,,,,,291.9,0
2700,2024,2024-09-13,134,150,2,0,14,3,2.12,0.1,11,1,,,,,,,,,,122.4,0
2701,2024,2024-09-14,128,133,1,2,9,21,0.35,1.77,7,6,,,,,,,,,,-131.2,0
2702,2024,2024-09-14,158,138,3,2,9,19,1.58,1.91,0,5,,,,,,,,,,-67.6,0
2703,2024,2024-09-14,123,135,1,0,10,15,1.41,1.01,3,4,,,,,,,,,,23.6,0
2704,2024,2024-09-14,125,130,0,2,11,16,1.07,2.38,6,6,,,,,,,,,,-282.3,0
2705,2024,2024-09-15,131,157,3,1,14,6,1.84,0.51,5,3,,,,,,,,,,76.8,0
2706,2024,2024-09-15,126,136,1,4,9,20,1.29,1.88,1,6,,,,,,,,,,-111.0,0
2707,2024,2024-09-15,127,129,2,3,15,9,1.42,2.15,9,3,,,,,,,,,,-181.8,0
2708,2024,2024-09-15,139,124,3,0,14,5,3.24,0.15,7,3,,,,,,,,,,246.4,0
2709,2024,2024-09-16,122,132,3,1,17,5,1.68,0.33,7,4,,,,,,,,,,-46.5,0
2710,2024,2024-09-17,128,125,1,0,10,13,1.19,0.59,5,5,,,,,,,,,,-107.2,0
2711,2024,2024-09-18,134,135,2,1,17,15,2.93,0.61,8,4,,,,,,,,,,130.6,0
2712,2024,2024-09-19,150,129,0,2,14,10,0.94,1.32,4,7,,,,,,,,,,-168.5,0
2713,2024,2024-09-20,138,123,2,1,10,8,1.1,0.52,3,5,,,,,,,,,,-12.4,0
2714,2024,2024-09-21,157,125,0,0,15,14,1.02,1.47,5,7,,,,,,,,,,-165.9,0
2715,2024,2024-09-21,132,127,2,1,13,11,1.97,0.85,2,4,,,,,,,,,,60.9,0
2716,2024,2024-09-21,124,126,2,0,8,8,0.43,0.41,5,4,,,,,,,,,,-178.4,0
2717,2024,2024-09-21,130,158,4,1,31,10,4.46,0.34,9,4,,,,,,,,,,455.1,0
2718,2024,2024-09-22,135,150,1,1,13,6,1.54,0.59,6,2,,,,,,,,,,12.8,0
2719,2024,2024-09-22,129,131,3,1,10,11,0.69,1.31,3,6,,,,,,,,,,121.2,0
2720,2024,2024-09-22,133,136,1,5,13,17,2.17,3.97,7,3,,,,,,,,,,-161.6,0
2721,2024,2024-09-22,122,139,1,1,16,10,1.85,0.53,3,4,,,,,,,,,,-277.4,0
2722,2024,2024-09-23,134,128,1,2,16,7,1.03,1.02,6,3,,,,,,,,,,98.7,0
2723,2024,2024-09-24,123,157,2,1,22,8,1.64,0.68,6,4,,,,,,,,,,71.6,0
2724,2024,2024-09-24,124,132,0,0,10,9,0.7,0.46,10,5,,,,,,,,,,7.5,0
2725,2024,2024-09-24,130,138,3,2,10,12,1.32,0.88,4,4,,,,,,,,,,400.8,0
2726,2024,2024-09-25,126,122,0,0,11,2,2.01,0.47,4,3,,,,,,,,,,165.7,0
2727,2024,2024-09-25,136,135,1,0,15,7,1.93,0.69,7,5,,,,,,,,,,355.5,0
2728,2024,2024-09-26,127,134,1,1,8,13,1.0,1.93,1,4,,,,,,,,,,-161.5,0
2729,2024,2024-09-26,158,133,1,2,9,15,0.41,1.6,4,1,,,,,,,,,,-182.3,0
2730,2024,2024-09-26,131,139,0,1,10,8,1.53,0.62,2,3,,,,,,,,,,-237.5,0
2731,2024,2024-09-27,157,128,1,2,13,17,1.24,2.26,7,4,,,,,,,,,,-98.9,0
2732,2024,2024-09-28,135,138,2,0,14,9,2.21,0.51,2,2,,,,,,,,,,-42.2,0
2733,2024,2024-09-28,122,150,1,1,15,13,0.91,0.87,5,5,,,,,,,,,,35.7,0
2734,2024,2024-09-28,125,124,3,0,11,9,3.4,0.78,6,4,,,,,,,,,,79.7,0
2735,2024,2024-09-28,132,136,4,2,11,12,2.23,0.83,5,8,,,,,,,,,,-314.4,0
2736,2024,2024-09-29,131,126,1,1,12,9,0.45,0.8,4,4,,,,,,,,,,-136.4,0
2737,2024,2024-09-29,129,123,1,1,13,13,1.96,1.16,4,7,,,,,,,,,,143.4,0
2738,2024,2024-09-29,134,158,1,0,20,8,2.17,0.48,8,4,,,,,,,,,,148.0,0
2739,2024,2024-09-29,139,130,1,1,12,12,1.28,0.76,5,5,,,,,,,,,,-150.6,0
2740,2024,2024-09-30,133,127,3,1,20,7,2.79,0.86,3,2,,,,,,,,,,203.8,0
2741,2024,2024-10-04,150,124,0,0,8,6,0.79,0.54,1,2,,,,,,,,,,-41.1,0
2742,2024,2024-10-05,158,128,2,1,8,11,0.93,1.81,4,6,,,,,,,,,,-94.4,0
2743,2024,2024-10-05,135,132,1,1,11,6,0.83,0.34,4,2,,,,,,,,,,-54.5,0
2744,2024,2024-10-05,157,122,1,2,13,17,1.99,1.5,5,13,,,,,,,,,,-74.1,0
2745,2024,2024-10-05,127,131,0,1,25,8,1.37,0.76,11,2,,,,,,,,,,-82.8,0
2746,2024,2024-10-05,130,133,2,0,11,12,0.47,1.15,2,5,,,,,,,,,,248.2,0
2747,2024,2024-10-06,126,129,2,1,14,13,2.0,3.1,6,1,,,,,,,,,,-12.3,0
2748,2024,2024-10-06,138,136,0,3,11,15,0.74,2.67,11,3,,,,,,,,,,-310.6,0
2749,2024,2024-10-06,123,134,1,0,14,11,1.44,0.61,4,1,,,,,,,,,,-81.2,0
2750,2024,2024-10-06,125,139,1,1,16,4,1.0,0.54,5,1,,,,,,,,,,-140.0,0
2751,2024,2024-10-18,138,157,2,3,10,12,0.49,2.45,5,6,,,,,,,,,,79.1,0
2752,2024,2024-10-19,129,158,4,1,10,5,1.31,0.27,5,5,,,,,,,,,,189.2,0
2753,2024,2024-10-19,132,134,1,2,19,11,2.06,2.42,10,2,,,,,,,,,,-52.3,0
2754,2024,2024-10-19,126,125,0,1,8,14,0.39,1.74,6,6,,,,,,,,,,39.1,0
2755,2024,2024-10-19,131,130,1,2,13,10,1.82,0.74,6,2,,,,,,,,,,-374.5,0
2756,2024,2024-10-20,128,122,1,0,19,10,2.03,0.59,9,2,,,,,,,,,,22.3,0
2757,2024,2024-10-20,139,150,3,1,24,5,4.51,0.24,8,2,,,,,,,,,,280.6,0
2758,2024,2024-10-20,133,135,1,1,10,21,0.91,1.94,5,5,,,,,,,,,,162.2,0
2759,2024,2024-10-20,136,123,5,1,21,7,3.89,0.92,5,5,,,,,,,,,,284.6,0
2760,2024,2024-10-21,124,127,2,3,14,11,1.65,1.14,11,2,,,,,,,,,,81.5,0
2761,2024,2024-10-25,158,123,0,2,16,6,1.22,0.8,13,2,,,,,,,,,,-77.7,0
2762,2024,2024-10-26,157,133,1,2,7,21,0.94,2.31,4,6,,,,,,,,,,-214.0,0
2763,2024,2024-10-26,122,138,1,0,15,15,1.88,0.94,6,2,,,,,,,,,,20.9,0
2764,2024,2024-10-26,127,126,1,0,12,8,0.9,0.56,3,5,,,,,,,,,,-203.2,0
2765,2024,2024-10-26,130,136,0,4,9,15,1.48,2.58,10,3,,,,,,,,,,80.4,0
2766,2024,2024-10-27,150,131,3,0,7,18,1.62,0.92,4,2,,,,,,,,,,-63.5,0
2767,2024,2024-10-27,135,124,1,1,15,2,2.26,0.6,8,2,,,,,,,,,,-4.4,0
2768,2024,2024-10-27,134,139,1,0,24,10,1.94,0.54,3,10,,,,,,,,,,-127.8,0
2769,2024,2024-10-27,125,132,0,2,19,10,1.65,0.98,14,4,,,,,,,,,,94.6,0
2770,2024,2024-10-28,128,129,0,0,4,20,0.61,0.59,1,14,,,,,,,,,,-115.6,0
2771,2024,2024-11-01,138,128,1,0,13,7,1.15,0.51,7,2,,,,,,,,,,-67.3,0
2772,2024,2024-11-02,132,157,1,0,20,7,2.48,0.23,7,2,,,,,,,,,,129.7,0
2773,2024,2024-11-02,126,150,4,3,15,8,1.97,0.33,6,1,,,,,,,,,,150.5,0
2774,2024,2024-11-03,139,127,2,0,15,1,1.63,0.02,9,1,,,,,,,,,,263.5,0
2775,2024,2024-11-03,136,158,3,1,14,10,1.83,0.97,9,5,,,,,,,,,,425.8,0
2776,2024,2024-11-03,123,125,0,2,8,9,1.09,1.37,5,9,,,,,,,,,,-60.7,0
2777,2024,2024-11-03,129,134,1,1,17,7,4.01,0.84,6,2,,,,,,,,,,36.4,0
2778,2024,2024-11-04,131,135,1,0,10,10,1.95,0.56,0,2,,,,,,,,,,20.1,0
2779,2024,2024-11-08,122,127,1,3,34,11,2.47,0.9,12,4,,,,,,,,,,55.7,0
2780,2024,2024-11-09,130,132,4,0,18,2,3.06,0.05,11,3,,,,,,,,,,310.0,0
2781,2024,2024-11-09,133,138,3,0,13,9,1.52,0.5,7,2,,,,,,,,,,166.2,0
2782,2024,2024-11-09,150,123,1,0,8,13,1.05,0.58,0,6,,,,,,,,,,-51.1,0
2783,2024,2024-11-10,134,131,2,2,19,3,1.61,1.25,2,0,,,,,,,,,,100.8,0
2784,2024,2024-11-10,128,139,0,1,13,9,0.61,0.65,7,2,,,,,,,,,,-209.5,0
2785,2024,2024-11-10,135,126,0,1,8,3,0.61,0.19,5,2,,,,,,,,,,-145.7,0
2786,2024,2024-11-10,157,129,1,1,6,17,0.61,1.21,5,5,,,,,,,,,,-231.6,0
2787,2024,2024-11-10,125,136,1,0,14,11,2.02,0.64,7,6,,,,,,,,,,-249.6,0
2788,2024,2024-11-22,135,157,2,0,12,6,0.59,1.13,3,2,,,,,,,,,,52.7,0
2789,2024,2024-11-23,124,134,4,2,11,7,1.59,0.97,2,4,,,,,,,,,,-116.2,0
2790,2024,2024-11-23,139,138,2,1,11,4,1.65,0.86,5,0,,,,,,,,,,270.0,0
2791,2024,2024-11-23,127,128,2,3,14,9,1.21,1.7,4,3,,,,,,,,,,-50.9,0
2792,2024,2024-11-23,126,158,4,1,12,9,3.47,0.42,6,3,,,,,,,,,,200.9,0
2793,2024,2024-11-23,131,136,2,2,15,9,2.46,1.74,5,1,,,,,,,,,,-331.8,0
2794,2024,2024-11-24,132,133,2,2,4,16,1.08,2.53,0,8,,,,,,,,,,-102.5,0
2795,2024,2024-11-24,123,122,1,0,11,9,1.09,0.85,8,3,,,,,,,,,,30.3,0
2796,2024,2024-11-24,150,130,0,3,4,16,0.12,1.9,2,4,,,,,,,,,,-384.5,0
2797,2024,2024-11-24,129,125,1,0,12,6,1.34,0.7,4,4,,,,,,,,,,10.8,0
2798,2024,2024-11-29,128,124,2,1,9,7,0.76,1.3,3,6,,,,,,,,,,18.6,0
2799,2024,2024-11-30,136,127,1,2,27,5,2.3,0.5,7,0,,,,,,,,,,390.7,0
2800,2024,2024-11-30,138,150,1,1,18,6,1.13,0.93,13,8,,,,,,,,,,-9.5,0
2801,2024,2024-11-30,158,131,3,1,9,16,0.85,1.61,2,5,,,,,,,,,,-99.8,0
2802,2024,2024-11-30,157,139,0,5,9,13,0.63,4.02,3,5,,,,,,,,,,-347.6,0
2803,2024,2024-12-01,133,126,2,2,13,13,2.02,0.54,1,5,,,,,,,,,,24.9,0
2804,2024,2024-12-01,130,135,2,0,13,8,3.18,0.45,5,3,,,,,,,,,,378.3,0
2805,2024,2024-12-01,122,129,1,2,7,12,0.25,0.69,1,7,,,,,,,,,,-171.8,0
2806,2024,2024-12-01,125,134,2,0,2,7,0.79,0.4,0,4,,,,,,,,,,29.3,0
2807,2024,2024-12-02,123,132,1,1,12,7,1.34,0.75,5,1,,,,,,,,,,-28.5,0
2808,2024,2024-12-03,128,136,1,5,6,20,0.92,5.09,2,5,,,,,,,,,,-292.7,0
2809,2024,2024-12-04,129,130,2,1,9,10,1.81,1.82,5,2,,,,,,,,,,-205.6,0
2810,2024,2024-12-06,131,128,2,0,12,9,0.89,0.84,3,3,,,,,,,,,,-21.3,0
2811,2024,2024-12-07,127,157,2,1,11,9,1.1,1.41,3,3,,,,,,,,,,75.3,0
2812,2024,2024-12-07,134,136,2,2,12,9,3.15,1.92,6,4,,,,,,,,,,-256.2,0
2813,2024,2024-12-07,124,122,0,1,14,6,1.27,0.9,9,4,,,,,,,,,,33.6,0
2814,2024,2024-12-07,126,130,0,3,10,10,0.35,0.92,6,3,,,,,,,,,,-219.1,0
2815,2024,2024-12-08,150,125,0,3,11,15,0.64,1.81,5,3,,,,,,,,,,-153.8,0
2816,2024,2024-12-08,129,133,2,0,12,11,1.17,0.53,3,3,,,,,,,,,,21.4,0
2817,2024,2024-12-08,132,138,2,2,16,6,1.96,1.54,8,3,,,,,,,,,,84.7,0
2818,2024,2024-12-08,139,123,4,3,14,4,2.04,0.39,5,3,,,,,,,,,,241.4,0
2819,2024,2024-12-09,135,158,1,0,15,9,0.39,0.79,3,3,,,,,,,,,,37.4,0
2820,2024,2024-12-13,157,124,1,0,2,14,0.55,0.85,1,7,,,,,,,,,,-95.4,0
2821,2024,2024-12-14,158,132,0,0,9,6,0.32,0.29,5,4,,,,,,,,,,-113.2,0
2822,2024,2024-12-14,128,126,2,1,8,13,1.14,0.82,2,4,,,,,,,,,,-97.0,0
2823,2024,2024-12-14,123,131,1,0,8,10,0.58,1.17,3,4,,,,,,,,,,-3.4,0
2824,2024,2024-12-14,122,130,3,3,14,13,1.62,0.69,4,3,,,,,,,,,,-386.1,0
2825,2024,2024-12-15,139,135,1,0,11,7,1.67,0.21,8,3,,,,,,,,,,282.5,0
2826,2024,2024-12-15,138,129,1,1,6,9,0.93,0.72,2,4,,,,,,,,,,-210.0,0
2827,2024,2024-12-15,133,134,1,2,17,10,2.05,0.79,5,5,,,,,,,,,,49.9,0
2828,2024,2024-12-15,125,127,0,0,15,9,1.15,0.97,8,6,,,,,,,,,,163.5,0
2829,2024,2024-12-15,136,150,0,1,20,6,2.63,0.4,8,2,,,,,,,,,,376.6,0
2830,2024,2024-12-18,133,122,1,1,14,18,1.32,1.49,7,7,,,,,,,,,,133.8,0
2831,2024,2024-12-18,158,124,1,1,10,14,2.05,1.99,4,7,,,,,,,,,,-44.3,0
2832,2024,2024-12-20,126,157,3,0,23,1,2.58,0.02,9,1,,,,,,,,,,196.3,0
2833,2024,2024-12-21,135,128,0,1,18,9,0.83,1.9,3,0,,,,,,,,,,-43.8,0
2834,2024,2024-12-21,131,125,2,0,11,7,1.29,0.32,4,7,,,,,,,,,,-127.6,0
2835,2024,2024-12-21,132,129,1,2,6,13,0.6,1.18,4,3,,,,,,,,,,-130.9,0
2836,2024,2024-12-21,136,139,1,2,19,5,2.72,0.63,11,3,,,,,,,,,,53.6,0
2837,2024,2024-12-22,124,138,2,2,8,11,1.44,1.61,5,4,,,,,,,,,,5.6,0
2838,2024,2024-12-22,130,123,4,2,16,10,2.0,1.32,6,6,,,,,,,,,,338.7,0
2839,2024,2024-12-22,150,133,2,5,5,18,1.25,3.29,1,5,,,,,,,,,,-133.6,0
2840,2024,2024-12-22,127,158,1,0,10,9,0.94,0.75,2,2,,,,,,,,,,53.7,0
2841,2024,2024-12-22,134,122,1,1,14,10,2.14,0.91,5,5,,,,,,,,,,105.0,0
2842,2024,2025-01-03,124,130,1,2,8,17,1.31,2.75,2,5,,,,,,,,,,-389.1,0
2843,2024,2025-01-10,122,131,2,1,8,23,0.65,2.26,3,3,,,,,,,,,,-31.1,0
2844,2024,2025-01-11,138,126,0,1,11,3,1.3,0.49,6,3,,,,,,,,,,-132.0,0
2845,2024,2025-01-11,157,134,1,0,12,14,1.25,0.73,1,8,,,,,,,,,,-195.8,0
2846,2024,2025-01-11,158,150,1,1,15,14,0.7,1.99,8,4,,,,,,,,,,-42.5,0
2847,2024,2025-01-11,123,124,1,1,15,5,0.55,0.66,10,1,,,,,,,,,,47.7,0
2848,2024,2025-01-12,127,135,1,2,15,12,1.35,1.11,4,5,,,,,,,,,,22.5,0
2849,2024,2025-01-12,139,132,1,0,9,6,2.54,0.28,4,0,,,,,,,,,,246.2,0
2850,2024,2025-01-13,125,133,1,0,6,15,0.66,1.17,3,7,,,,,,,,,,-9.6,0
2851,2024,2025-01-17,158,157,2,1,12,11,1.01,1.24,1,7,,,,,,,,,,14.2,0
2852,2024,2025-01-18,126,123,1,2,7,14,1.22,2.66,7,4,,,,,,,,,,96.5,0
2853,2024,2025-01-18,150,139,1,0,9,19,0.41,2.42,2,9,,,,,,,,,,-315.5,0
2854,2024,2025-01-18,134,138,1,3,7,9,0.53,1.49,2,3,,,,,,,,,,113.2,0
2855,2024,2025-01-18,135,136,1,1,10,21,1.32,2.35,2,10,,,,,,,,,,-325.8,0
2856,2024,2025-01-19,131,129,1,2,3,14,0.59,1.83,3,4,,,,,,,,,,-163.4,0
2857,2024,2025-01-19,130,127,4,1,26,6,5.91,1.16,8,2,,,,,,,,,,387.3,0
2858,2024,2025-01-19,132,122,1,1,12,8,0.76,0.76,6,3,,,,,,,,,,26.4,0
2859,2024,2025-01-19,124,125,1,0,7,9,1.64,0.81,4,7,,,,,,,,,,-152.5,0
2860,2024,2025-01-20,133,128,4,0,14,9,2.44,0.52,6,5,,,,,,,,,,86.3,0
2861,2024,2025-01-24,127,132,1,1,16,16,0.79,2.7,4,2,,,,,,,,,,-52.0,0
2862,2024,2025-01-25,128,134,0,1,16,8,1.01,0.46,4,4,,,,,,,,,,-33.1,0
2863,2024,2025-01-25,139,133,1,1,20,11,1.71,2.23,5,6,,,,,,,,,,146.6,0
2864,2024,2025-01-25,123,158,1,1,25,6,1.2,0.69,5,1,,,,,,,,,,99.3,0
2865,2024,2025-01-25,157,130,0,3,6,20,0.19,1.99,1,7,,,,,,,,,,-469.4,0
2866,2024,2025-01-26,122,126,2,1,17,12,2.41,0.99,4,1,,,,,,,,,,-86.6,0
2867,2024,2025-01-26,125,135,0,3,13,13,0.96,1.45,5,2,,,,,,,,,,127.2,0
2868,2024,2025-01-26,129,150,0,0,29,5,2.08,0.86,16,1,,,,,,,,,,204.7,0
2869,2024,2025-01-26,136,124,7,1,22,7,4.4,1.43,14,4,,,,,,,,,,323.0,0
2870,2024,2025-01-27,138,131,1,1,3,5,0.95,0.12,3,4,,,,,,,,,,-23.6,0
2871,2024,2025-01-31,150,122,0,1,5,19,0.96,2.28,2,9,,,,,,,,,,-27.7,0
2872,2024,2025-02-01,135,123,0,0,7,13,0.99,0.94,6,5,,,,,,,,,,-12.3,0
2873,2024,2025-02-01,133,157,5,1,22,8,3.49,0.52,3,6,,,,,,,,,,238.1,0
2874,2024,2025-02-01,139,128,2,0,17,10,1.29,0.48,10,4,,,,,,,,,,267.6,0
2875,2024,2025-02-01,158,130,1,0,5,21,0.31,1.33,1,8,,,,,,,,,,-446.7,0
2876,2024,2025-02-02,136,138,1,0,11,3,0.98,0.09,5,2,,,,,,,,,,326.9,0
2877,2024,2025-02-02,124,131,2,1,8,3,1.67,0.46,5,2,,,,,,,,,,-28.4,0
2878,2024,2025-02-02,132,125,2,1,11,13,0.65,2.04,3,5,,,,,,,,,,-59.8,0
2879,2024,2025-02-02,134,129,2,2,10,12,1.12,1.52,3,7,,,,,,,,,,-115.0,0
2880,2024,2025-02-03,126,127,2,1,12,10,2.03,1.29,11,3,,,,,,,,,,103.2,0
2881,2024,2025-02-07,122,157,1,0,20,8,2.32,0.41,4,2,,,,,,,,,,136.0,0
2882,2024,2025-02-08,131,134,3,2,14,12,2.26,1.29,4,7,,,,,,,,,,-65.6,0
2883,2024,2025-02-08,129,126,3,0,23,3,3.64,0.06,11,2,,,,,,,,,,95.6,0
2884,2024,2025-02-08,127,133,1,2,20,9,1.44,0.89,6,5,,,,,,,,,,-171.6,0
2885,2024,2025-02-08,130,139,1,1,23,10,1.72,1.47,6,1,,,,,,,,,,81.2,0
2886,2024,2025-02-09,138,135,0,1,12,4,1.43,0.87,8,3,,,,,,,,,,-28.8,0
2887,2024,2025-02-09,124,150,2,0,19,12,1.92,0.46,9,3,,,,,,,,,,13.2,0
2888,2024,2025-02-09,125,158,2,1,13,4,1.66,0.87,6,0,,,,,,,,,,125.0,0
2889,2024,2025-02-09,123,136,1,4,8,10,0.77,1.93,5,6,,,,,,,,,,-286.6,0
2890,2024,2025-02-10,128,132,1,1,10,19,1.24,1.5,7,11,,,,,,,,,,-30.7,0
2891,2024,2025-02-14,126,135,1,2,14,10,0.87,0.56,3,3,,,,,,,,,,51.4,0
2892,2024,2025-02-15,150,138,3,3,8,16,1.81,1.77,3,2,,,,,,,,,,-5.3,0
2893,2024,2025-02-15,132,130,1,1,11,17,1.88,1.38,6,2,,,,,,,,,,-331.7,0
2894,2024,2025-02-15,139,131,1,1,9,11,0.55,1.75,2,7,,,,,,,,,,274.6,0
2895,2024,2025-02-15,133,124,1,1,13,12,1.4,1.07,4,5,,,,,,,,,,145.4,0
2896,2024,2025-02-16,158,129,1,1,12,14,0.72,1.07,2,7,,,,,,,,,,-241.6,0
2897,2024,2025-02-16,157,123,0,4,7,11,0.47,1.06,3,2,,,,,,,,,,-132.0,0
2898,2024,2025-02-16,128,127,3,1,14,9,1.68,0.96,3,5,,,,,,,,,,43.4,0
2899,2024,2025-02-16,134,125,3,0,24,5,2.31,0.36,5,5,,,,,,,,,,-25.6,0
2900,2024,2025-02-17,136,122,1,0,14,9,2.56,0.97,4,5,,,,,,,,,,288.4,0
2901,2024,2025-02-21,131,132,1,0,12,18,1.96,1.21,5,4,,,,,,,,,,-25.9,0
2902,2024,2025-02-22,138,158,0,1,15,9,1.77,0.37,7,0,,,,,,,,,,20.9,0
2903,2024,2025-02-22,122,133,0,1,10,10,0.63,0.56,3,5,,,,,,,,,,-112.5,0
2904,2024,2025-02-22,124,139,0,3,18,11,0.86,1.28,7,0,,,,,,,,,,-270.5,0
2905,2024,2025-02-22,127,136,0,2,10,15,0.47,1.42,5,3,,,,,,,,,,-371.2,0
2906,2024,2025-02-23,129,157,7,1,29,5,4.0,0.45,4,4,,,,,,,,,,312.7,0
2907,2024,2025-02-23,130,126,2,0,22,6,2.18,0.45,11,5,,,,,,,,,,313.9,0
2908,2024,2025-02-23,135,134,1,2,10,13,1.13,2.04,2,5,,,,,,,,,,-37.0,0
2909,2024,2025-02-23,125,150,3,0,12,8,0.73,0.28,3,3,,,,,,,,,,102.6,0
2910,2024,2025-02-24,123,128,1,1,19,13,1.29,2.28,4,4,,,,,,,,,,17.8,0
2911,2024,2025-02-28,157,127,1,1,23,4,1.8,0.18,13,4,,,,,,,,,,-80.1,0
2912,2024,2025-03-01,126,131,2,2,9,10,0.71,1.85,4,2,,,,,,,,,,29.5,0
2913,2024,2025-03-01,122,123,1,1,20,10,2.87,0.57,6,6,,,,,,,,,,-10.2,0
2914,2024,2025-03-01,134,130,2,1,18,9,2.39,1.13,9,2,,,,,,,,,,-294.1,0
2915,2024,2025-03-01,139,129,1,0,12,15,2.25,1.12,6,2,,,,,,,,,,98.0,0
2916,2024,2025-03-02,150,135,1,0,6,9,0.94,0.33,2,6,,,,,,,,,,-69.9,0
2917,2024,2025-03-02,136,125,4,0,33,0,2.85,0.0,12,0,,,,,,,,,,250.9,0
2918,2024,2025-03-02,128,138,1,1,15,19,1.18,1.75,3,9,,,,,,,,,,57.9,0
2919,2024,2025-03-02,132,124,3,3,11,13,1.52,1.76,3,3,,,,,,,,,,36.2,0
2920,2024,2025-03-08,131,150,2,1,7,12,0.98,1.06,2,5,,,,,,,,,,65.6,0
2921,2024,2025-03-08,138,133,1,0,5,24,1.04,2.85,1,6,,,,,,,,,,-187.1,0
2922,2024,2025-03-08,124,157,2,1,17,11,1.91,0.89,5,4,,,,,,,,,,134.8,0
2923,2024,2025-03-09,135,139,2,1,11,4,1.27,0.97,4,4,,,,,,,,,,-271.5,0
2924,2024,2025-03-09,130,122,2,1,10,20,1.6,1.02,4,6,,,,,,,,,,348.0,0
2925,2024,2025-03-09,129,128,1,1,8,9,0.7,0.55,3,3,,,,,,,,,,167.9,0
2926,2024,2025-03-09,134,127,1,0,14,8,2.31,0.63,11,1,,,,,,,,,,152.0,0
2927,2024,2025-03-09,125,123,0,1,7,9,0.75,0.58,6,3,,,,,,,,,,38.1,0
2928,2024,2025-03-10,158,126,1,1,7,18,0.27,1.55,4,9,,,,,,,,,,-90.1,0
2929,2024,2025-03-14,127,138,2,2,14,9,1.77,1.49,4,5,,,,,,,,,,-34.9,0
2930,2024,2025-03-15,157,131,0,1,5,10,0.67,1.58,3,4,,,,,,,,,,-173.9,0
2931,2024,2025-03-15,128,158,2,1,20,2,2.69,0.22,6,2,,,,,,,,,,55.7,0
2932,2024,2025-03-15,133,130,1,2,23,9,1.64,1.08,11,4,,,,,,,,,,-240.8,0
2933,2024,2025-03-15,126,124,1,1,14,12,0.93,1.13,9,4,,,,,,,,,,46.5,0
2934,2024,2025-03-16,150,134,2,3,10,21,1.29,2.69,3,7,,,,,,,,,,-145.0,0
2935,2024,2025-03-16,123,129,0,1,11,9,0.55,1.3,4,6,,,,,,,,,,-131.1,0
2936,2024,2025-03-16,132,135,1,2,12,7,1.87,0.53,3,2,,,,,,,,,,3.3,0
2937,2024,2025-03-16,122,125,2,2,10,8,0.56,0.58,4,4,,,,,,,,,,-40.3,0
2938,2024,2025-03-16,139,136,2,4,7,13,1.4,1.25,6,6,,,,,,,,,,-88.2,0
2939,2024,2025-03-27,136,132,3,0,19,4,3.72,0.4,8,4,,,,,,,,,,342.7,0
2940,2024,2025-03-29,125,157,2,1,12,12,0.72,0.72,3,6,,,,,,,,,,203.2,0
2941,2024,2025-03-29,158,139,1,1,8,13,0.94,0.83,4,3,,,,,,,,,,-289.0,0
2942,2024,2025-03-29,138,122,0,2,12,11,1.49,0.59,8,5,,,,,,,,,,-39.2,0
2943,2024,2025-03-29,130,150,3,2,24,10,2.91,2.87,8,3,,,,,,,,,,433.2,0
2944,2024,2025-03-30,135,133,1,2,11,9,1.04,1.26,3,1,,,,,,,,,,-90.7,0
2945,2024,2025-03-30,136,126,4,1,21,4,2.31,0.49,10,2,,,,,,,,,,316.1,0
2946,2024,2025-03-30,129,132,0,0,11,5,0.7,0.36,3,4,,,,,,,,,,167.2,0
2947,2024,2025-03-30,124,128,1,0,8,8,0.69,0.6,4,5,,,,,,,,,,-17.1,0
2948,2024,2025-03-30,134,123,2,1,11,6,1.07,0.7,2,2,,,,,,,,,,73.2,0
2949,2024,2025-03-31,131,127,1,1,20,4,0.98,0.33,4,2,,,,,,,,,,102.1,0
2950,2024,2025-04-04,122,158,0,4,16,15,0.67,3.27,8,4,,,,,,,,,,69.2,0
2951,2024,2025-04-05,126,138,0,1,16,9,1.42,0.8,5,3,,,,,,,,,,85.1,0
2952,2024,2025-04-05,130,124,1,2,21,10,3.47,0.78,9,4,,,,,,,,,,365.8,0
2953,2024,2025-04-05,128,131,1,2,7,10,0.5,0.82,4,2,,,,,,,,,,-20.3,0
2954,2024,2025-04-05,136,134,1,1,13,6,1.39,0.31,9,3,,,,,,,,,,253.0,0
2955,2024,2025-04-06,127,125,1,3,13,13,1.97,2.39,5,4,,,,,,,,,,-116.6,0
2956,2024,2025-04-06,123,139,1,2,11,13,0.89,1.29,7,7,,,,,,,,,,-210.2,0
2957,2024,2025-04-06,157,135,0,4,5,16,0.61,1.96,3,4,,,,,,,,,,-180.0,0
2958,2024,2025-04-06,133,129,0,0,12,11,2.08,0.73,6,5,,,,,,,,,,-37.8,0
2959,2024,2025-04-07,150,132,1,1,13,13,1.76,2.23,4,8,,,,,,,,,,-74.3,0
2960,2024,2025-04-11,124,123,1,0,8,12,1.25,0.81,3,3,,,,,,,,,,11.9,0
2961,2024,2025-04-12,125,128,0,2,15,7,0.7,0.52,8,2,,,,,,,,,,67.8,0
2962,2024,2025-04-12,135,127,1,3,11,10,1.79,1.3,3,2,,,,,,,,,,111.9,0
2963,2024,2025-04-12,131,158,0,2,16,5,0.91,1.21,13,5,,,,,,,,,,60.6,0
2964,2024,2025-04-12,150,136,0,1,6,12,0.72,1.35,4,8,,,,,,,,,,-421.8,0
2965,2024,2025-04-13,132,126,2,1,13,18,1.43,0.93,4,4,,,,,,,,,,-9.6,0
2966,2024,2025-04-13,138,130,0,1,13,11,0.6,0.91,4,4,,,,,,,,,,-377.5,0
2967,2024,2025-04-13,134,133,1,2,24,8,1.46,1.45,5,5,,,,,,,,,,-16.3,0
2968,2024,2025-04-13,129,122,3,1,13,11,1.63,1.63,7,1,,,,,,,,,,172.4,0
2969,2024,2025-04-14,139,157,4,2,24,6,3.4,1.33,5,1,,,,,,,,,,408.3,0
2970,2024,2025-04-18,158,135,1,0,9,9,0.37,0.47,6,8,,,,,,,,,,-13.1,0
2971,2024,2025-04-19,122,124,1,1,11,10,0.57,1.99,5,2,,,,,,,,,,-43.6,0
2972,2024,2025-04-19,136,131,4,3,18,11,2.86,2.13,4,1,,,,,,,,,,324.5,0
2973,2024,2025-04-19,128,150,0,0,11,15,0.96,0.88,4,4,,,,,,,,,,80.6,0
2974,2024,2025-04-19,127,139,1,0,8,7,0.61,0.8,4,4,,,,,,,,,,-294.4,0
2975,2024,2025-04-20,157,132,2,3,12,11,1.91,2.35,5,2,,,,,,,,,,-194.2,0
2976,2024,2025-04-20,133,125,2,2,20,4,1.94,2.02,10,4,,,,,,,,,,97.3,0
2977,2024,2025-04-20,123,138,1,1,10,11,1.72,1.02,3,6,,,,,,,,,,44.5,0
2978,2024,2025-04-20,130,129,1,0,22,3,1.51,0.19,14,1,,,,,,,,,,159.7,0
2979,2024,2025-04-21,126,134,1,3,11,17,1.09,1.77,8,9,,,,,,,,,,-88.4,0
2980,2024,2025-04-22,124,158,1,1,16,8,0.94,0.34,6,4,,,,,,,,,,27.4,0
2981,2024,2025-04-22,136,128,1,0,40,4,3.45,0.25,13,2,,,,,,,,,,332.6,0
2982,2024,2025-04-23,129,127,1,0,13,10,2.11,1.05,3,3,,,,,,,,,,210.9,0
2983,2024,2025-04-23,131,133,3,0,21,4,3.09,0.39,6,3,,,,,,,,,,-119.5,0
2984,2024,2025-04-23,138,125,1,0,10,6,0.57,0.85,6,6,,,,,,,,,,-82.9,0
2985,2024,2025-04-23,135,130,0,1,20,14,2.36,1.5,4,4,,,,,,,,,,-335.7,0
2986,2024,2025-04-24,132,123,1,0,9,12,0.35,1.12,4,4,,,,,,,,,,23.7,0
2987,2024,2025-04-24,150,126,1,1,7,8,0.36,0.56,4,5,,,,,,,,,,-59.3,0
2988,2024,2025-04-24,139,122,3,0,11,12,2.29,0.73,6,3,,,,,,,,,,232.8,0
2989,2024,2025-04-24,134,157,5,1,16,10,1.9,0.8,4,4,,,,,,,,,,295.8,0
2990,2024,2025-04-27,133,158,1,0,14,12,1.48,0.97,8,6,,,,,,,,,,106.5,0
2991,2024,2025-05-02,122,135,1,0,13,12,1.27,0.84,7,3,,,,,,,,,,-15.4,0
2992,2024,2025-05-03,138,139,0,0,8,9,0.5,0.54,3,5,,,,,,,,,,-252.4,0
2993,2024,2025-05-03,133,132,4,2,15,11,2.19,1.26,2,8,,,,,,,,,,87.1,0
2994,2024,2025-05-03,127,124,2,3,15,10,1.71,1.36,9,5,,,,,,,,,,-75.6,0
2995,2024,2025-05-03,157,136,1,2,5,24,0.59,1.93,4,8,,,,,,,,,,-530.3,0
2996,2024,2025-05-04,130,131,3,2,17,14,2.12,1.85,4,6,,,,,,,,,,305.1,0
2997,2024,2025-05-04,123,150,2,2,25,9,2.73,0.94,8,2,,,,,,,,,,55.9,0
2998,2024,2025-05-04,158,134,1,2,11,20,1.28,1.14,3,7,,,,,,,,,,-115.6,0
2999,2024,2025-05-04,125,129,0,0,12,3,0.92,0.17,7,3,,,,,,,,,,-136.6,0
3000,2024,2025-05-05,126,128,1,0,13,9,1.42,0.47,5,2,,,,,,,,,,-11.4,0
3001,2024,2025-05-09,127,122,0,1,11,16,0.68,1.24,8,8,,,,,,,,,,-46.3,0
3002,2024,2025-05-10,124,135,3,0,10,10,2.72,0.53,2,6,,,,,,,,,,50.5,0
3003,2024,2025-05-10,131,123,3,2,8,19,0.71,2.31,3,6,,,,,,,,,,42.6,0
3004,2024,2025-05-10,126,133,0,1,7,14,0.25,2.17,5,3,,,,,,,,,,-122.5,0
3005,2024,2025-05-10,128,157,2,1,12,16,1.11,1.85,5,10,,,,,,,,,,188.0,0
3006,2024,2025-05-10,139,125,4,0,13,6,1.39,0.49,3,3,,,,,,,,,,183.5,0
3007,2024,2025-05-11,150,158,3,2,13,12,1.51,1.19,3,8,,,,,,,,,,-52.6,0
3008,2024,2025-05-11,136,130,4,3,23,9,4.26,2.74,10,2,,,,,,,,,,-4.5,0
3009,2024,2025-05-11,129,138,1,0,11,3,1.3,0.78,9,2,,,,,,,,,,191.5,0
3010,2024,2025-05-11,134,132,1,1,10,16,0.39,2.03,6,7,,,,,,,,,,102.8,0
3011,2024,2025-05-13,157,126,0,1,11,13,0.91,1.39,6,4,,,,,,,,,,-188.9,0
3012,2024,2025-05-13,125,131,0,1,15,6,1.78,1.14,14,1,,,,,,,,,,-9.9,0
3013,2024,2025-05-13,123,127,1,0,10,14,1.22,0.48,4,2,,,,,,,,,,49.4,0
3014,2024,2025-05-14,138,124,1,0,11,10,1.81,0.61,9,4,,,,,,,,,,-76.8,0
3015,2024,2025-05-14,133,150,3,0,17,23,1.88,1.06,3,6,,,,,,,,,,186.0,0
3016,2024,2025-05-14,130,128,2,1,39,4,2.63,0.49,26,0,,,,,,,,,,330.0,0
3017,2024,2025-05-15,132,139,2,0,9,9,0.58,1.36,3,5,,,,,,,,,,-200.0,0
3018,2024,2025-05-15,122,134,2,2,20,10,1.19,1.17,10,7,,,,,,,,,,-120.5,0
3019,2024,2025-05-15,135,129,0,2,11,9,0.41,1.16,2,5,,,,,,,,,,-196.4,0
3020,2024,2025-05-15,158,136,0,2,9,12,1.39,0.63,3,3,,,,,,,,,,-362.1,0
3021,2024,2025-05-18,139,134,4,1,20,12,4.86,0.92,7,4,,,,,,,,,,87.2,0
3022,2024,2025-05-18,131,122,1,2,24,7,2.64,1.03,9,2,,,,,,,,,,48.6,0
3023,2024,2025-05-18,136,133,2,3,24,7,1.39,1.75,11,3,,,,,,,,,,207.3,0
3024,2024,2025-05-18,123,130,0,2,6,16,0.51,2.02,1,7,,,,,,,,,,-345.7,0
3025,2024,2025-05-18,124,129,0,1,6,10,0.48,1.08,5,3,,,,,,,,,,-142.0,0
3026,2024,2025-05-18,128,135,1,2,7,10,0.43,1.62,3,4,,,,,,,,,,34.7,0
3027,2024,2025-05-18,125,126,3,2,15,9,2.0,2.15,9,2,,,,,,,,,,14.4,0
3028,2024,2025-05-18,157,138,0,1,7,14,1.45,1.36,5,9,,,,,,,,,,-182.9,0
3029,2024,2025-05-18,127,150,0,1,12,11,0.63,1.56,9,2,,,,,,,,,,-17.0,0
3030,2024,2025-05-18,132,158,2,0,16,16,1.25,0.79,8,6,,,,,,,,,,69.2,0
3031,2024,2025-05-23,134,124,1,1,14,9,0.91,0.77,3,2,,,,,,,,,,76.8,0
3032,2024,2025-05-24,130,125,2,0,16,9,2.58,0.77,11,4,,,,,,,,,,314.7,0
3033,2024,2025-05-24,150,157,3,0,16,6,2.13,0.39,3,4,,,,,,,,,,160.2,0
3034,2024,2025-05-24,158,127,2,0,8,10,1.86,0.49,3,6,,,,,,,,,,54.2,0
3035,2024,2025-05-24,138,132,1,1,14,19,1.96,1.66,5,9,,,,,,,,,,-66.5,0
3036,2024,2025-05-24,135,131,1,2,6,15,0.46,1.54,2,6,,,,,,,,,,-58.0,0
3037,2024,2025-05-24,122,128,0,0,27,9,2.26,0.66,11,2,,,,,,,,,,26.7,0
3038,2024,2025-05-25,126,139,0,4,2,19,0.05,2.74,1,8,,,,,,,,,,-221.5,0
3039,2024,2025-05-25,133,123,4,2,12,17,1.06,1.51,3,5,,,,,,,,,,174.7,0
3040,2024,2025-05-25,129,136,0,3,9,13,1.21,3.51,2,6,,,,,,,,,,-143.3,0
3041,2025,2025-08-15,126,122,1,3,7,16,0.56,3.43,2,4,0.5246,0.2407,0.2346,0.48,2.377,3.223,3.213,2.203,1.683,-28.0,0
3042,2025,2025-08-15,133,164,2,0,25,5,2.44,0.93,10,1,,,,,1.397,4.773,8.327,1.833,2.01,174.4,0
3043,2025,2025-08-16,128,136,0,3,4,24,0.21,2.13,3,6,0.1688,0.2201,0.611,0.4818,8.753,5.533,1.417,1.457,2.727,-355.8,0
3044,2025,2025-08-16,138,168,2,1,15,7,1.29,0.87,10,1,,,,,2.123,3.107,3.917,2.56,1.523,27.5,0
3045,2025,2025-08-16,124,125,1,1,18,13,2.04,0.81,8,7,0.3868,0.2944,0.3188,0.3346,2.47,3.013,3.227,2.557,1.523,13.9,0
3046,2025,2025-08-17,131,135,0,2,11,10,0.73,1.43,9,3,0.4854,0.2594,0.2552,0.4248,1.65,3.57,6.2,2.537,1.53,78.4,0
3047,2025,2025-08-17,129,123,3,2,14,12,2.89,1.01,10,1,0.6204,0.2274,0.1522,0.429,1.587,3.763,6.39,2.237,1.66,198.1,0
3048,2025,2025-08-17,158,139,2,1,9,15,1.26,1.1,1,3,0.2049,0.2292,0.5659,0.4953,5.667,3.883,1.627,1.97,1.867,-261.1,0
3049,2025,2025-08-18,177,134,1,1,6,12,0.64,1.86,1,3,0.2077,0.2407,0.5516,0.453,3.247,3.22,2.333,2.22,1.67,-204.6,0
3050,2025,2025-08-19,130,132,1,0,18,2,1.64,0.36,7,0,0.7356,0.1596,0.1047,0.6102,1.217,6.997,12.053,1.45,2.72,284.4,0
3051,2025,2025-08-22,134,138,1,0,16,11,1.95,1.12,5,2,0.5193,0.2603,0.2204,0.3958,1.88,3.393,4.467,2.257,1.65,103.3,0
3052,2025,2025-08-23,128,131,1,1,12,8,0.68,0.74,3,4,0.3754,0.2791,0.3455,0.3868,3.23,3.19,2.377,2.22,1.677,-41.2,0
3053,2025,2025-08-23,139,177,1,1,13,6,1.74,0.57,10,2,0.8246,0.1216,0.0537,0.6037,1.273,5.797,11.56,1.73,2.123,320.6,0
3054,2025,2025-08-23,168,136,2,3,8,26,2.14,1.93,0,11,,,,,11.503,6.947,1.22,1.323,3.367,-396.6,0
3055,2025,2025-08-24,132,124,1,0,16,4,0.83,0.41,3,4,0.4452,0.2659,0.2889,0.4195,2.303,3.213,3.333,2.32,1.617,20.8,0
3056,2025,2025-08-24,125,158,2,2,15,14,1.1,1.81,5,2,0.4774,0.2723,0.2503,0.3779,1.817,3.513,4.63,2.05,1.807,30.3,0
3057,2025,2025-08-24,133,126,5,0,19,5,2.3,0.14,8,1,0.5694,0.1918,0.2389,0.7232,1.49,4.42,6.427,1.683,2.19,203.1,0
3058,2025,2025-08-24,164,130,0,3,6,26,0.5,2.68,1,9,,,,,9.463,5.267,1.32,1.787,2.07,-359.3,0
3059,2025,2025-08-25,129,122,1,0,11,6,1.51,0.29,3,6,0.5946,0.257,0.1485,0.3346,1.713,3.587,5.42,2.143,1.713,150.8,0
3060,2025,2025-08-25,123,135,1,2,12,9,0.51,0.71,5,3,0.4267,0.2853,0.2881,0.3546,2.057,3.087,4.22,2.88,1.417,-15.4,0
3061,2025,2025-08-27,131,134,1,1,14,7,0.83,0.33,10,4,0.4105,0.2369,0.3526,0.5652,2.357,3.423,3.03,1.75,2.087,-79.4,0
3062,2025,2025-08-29,177,168,2,0,16,11,1.12,0.71,4,2,,,,,2.18,3.23,3.61,2.31,1.627,-40.7,0
3063,2025,2025-08-29,124,135,3,0,7,11,1.08,0.74,8,6,0.4303,0.2972,0.2725,0.3152,2.347,2.937,3.59,2.96,1.4,24.9,0
3064,2025,2025-08-30,138,139,1,1,5,15,0.91,1.06,1,6,0.207,0.2602,0.5327,0.3846,5.537,3.537,1.71,2.367,1.59,-224.4,0
3065,2025,2025-08-30,164,125,1,0,8,18,0.5,1.07,1,10,,,,,3.38,3.113,2.317,2.363,1.597,-42.7,0
3066,2025,2025-08-30,126,123,0,2,20,13,2.13,1.32,11,3,0.5372,0.2186,0.2442,0.589,2.47,3.15,3.09,2.23,1.66,-2.3,0
3067,2025,2025-08-30,130,128,2,1,17,9,1.82,0.72,4,5,0.7184,0.1837,0.0979,0.4821,1.173,7.48,14.617,1.46,2.7,364.5,0
3068,2025,2025-08-31,131,133,1,1,10,8,0.96,1.04,1,5,0.3738,0.2156,0.4106,0.6823,3.097,3.453,2.317,1.873,1.923,-150.3,0
3069,2025,2025-08-31,134,129,1,2,9,15,0.62,1.11,4,10,0.3272,0.2783,0.3945,0.3872,3.187,3.207,2.377,2.113,1.737,-78.0,0
3070,2025,2025-08-31,158,132,1,0,10,10,1.21,1.37,2,3,0.4091,0.2614,0.3295,0.4503,2.46,3.09,3.13,2.413,1.58,-65.5,0
3071,2025,2025-08-31,122,136,1,1,12,12,1.85,1.83,9,4,0.1661,0.2063,0.6276,0.5352,6.727,5.25,1.407,1.44,2.77,-330.3,0
3072,2025,2025-09-12,123,177,2,2,7,5,0.4,0.95,2,2,0.6012,0.228,0.1708,0.4546,1.907,3.337,4.513,2.293,1.63,54.5,0
3073,2025,2025-09-13,135,164,2,0,10,5,0.75,0.46,4,3,,,,,1.98,2.967,4.803,3.12,1.37,-0.1,0
3074,2025,2025-09-13,125,130,1,2,23,16,2.23,2.42,12,4,0.2152,0.2447,0.5401,0.4458,5.487,4.2,1.59,1.66,2.237,-338.5,0
3075,2025,2025-09-13,129,138,0,1,12,4,1.08,0.09,6,6,0.582,0.2653,0.1527,0.3178,1.6,3.763,6.453,2.367,1.587,197.2,0
3076,2025,2025-09-13,139,133,2,0,8,8,1.01,1.03,8,3,0.611,0.1939,0.1951,0.6464,1.77,3.763,4.57,1.81,2.043,37.0,0
3077,2025,2025-09-14,131,126,1,1,21,13,2.5,0.64,10,3,0.4495,0.2203,0.3302,0.6445,1.733,3.76,4.903,1.84,2.007,87.1,0
3078,2025,2025-09-14,168,134,2,2,5,28,0.73,2.12,4,12,,,,,3.583,3.55,2.04,1.743,2.1,-157.6,0
3079,2025,2025-09-14,132,122,2,0,9,19,1.59,1.09,3,6,0.4588,0.2778,0.2634,0.3675,2.727,2.973,2.907,2.667,1.477,21.2,0
3080,2025,2025-09-14,136,124,6,0,24,2,4.02,0.18,5,4,0.7632,0.1434,0.0934,0.6574,1.337,5.537,8.35,1.437,2.77,309.1,0
3081,2025,2025-09-15,158,128,3,2,9,24,2.46,2.23,3,9,0.4179,0.2966,0.2854,0.3208,2.257,3.137,3.517,2.483,1.55,23.6,0
3082,2025,2025-09-19,134,125,3,1,21,11,2.47,0.84,3,5,0.472,0.2666,0.2614,0.4033,1.937,3.653,3.893,1.73,2.117,85.2,0
3083,2025,2025-09-20,126,168,0,4,7,14,0.5,2.88,5,4,,,,,1.823,3.777,4.29,1.703,2.157,5.5,0
3084,2025,2025-09-20,130,158,2,0,16,8,1.18,0.96,5,3,0.7655,0.1452,0.0893,0.6323,1.197,6.93,14.067,1.38,3.05,343.4,0
3085,2025,2025-09-20,133,132,2,1,26,6,2.55,1.8,7,0,0.5912,0.2017,0.2071,0.6258,1.687,3.777,5.23,2.037,1.81,91.9,0
3086,2025,2025-09-20,138,123,1,2,8,9,0.95,0.48,4,4,0.4188,0.2842,0.2971,0.3609,2.427,2.967,3.317,2.62,1.5,35.7,0
3087,2025,2025-09-20,124,129,2,0,13,11,1.88,0.49,5,6,0.2596,0.2875,0.453,0.337,3.507,3.13,2.263,2.313,1.62,-133.2,0
3088,2025,2025-09-21,122,131,1,1,15,9,1.08,0.81,5,7,0.382,0.2659,0.3521,0.4362,2.063,3.427,3.713,2.03,1.813,-6.4,0
3089,2025,2025-09-21,128,139,1,1,8,12,0.6,2.26,3,6,0.2021,0.2687,0.5292,0.3546,4.93,3.597,1.76,2.163,1.703,-243.0,0
3090,2025,2025-09-21,177,164,1,0,15,12,1.55,1.09,3,3,,,,,1.993,3.27,4.147,2.247,1.65,-46.5,0
3091,2025,2025-09-21,136,135,3,0,16,3,1.97,0.27,3,2,0.7531,0.1561,0.0908,0.5818,1.25,6.123,11.567,1.49,2.627,360.3,0
3092,2025,2025-09-23,129,126,1,1,17,6,1.46,0.78,8,1,0.5837,0.225,0.1914,0.4952,1.47,4.373,7.07,1.847,1.997,225.4,0
3093,2025,2025-09-23,158,124,2,2,21,5,2.57,0.74,8,3,0.4143,0.2687,0.317,0.4192,2.347,3.177,3.28,2.24,1.653,-41.1,0
3094,2025,2025-09-23,168,130,1,4,11,24,1.6,3.94,1,7,,,,,8.437,5.773,1.323,1.417,2.903,-396.0,0
3095,2025,2025-09-23,123,133,1,2,16,12,0.97,1.95,3,3,0.32,0.2248,0.4552,0.6162,3.273,3.37,2.253,2.007,1.84,-170.9,0
3096,2025,2025-09-24,135,138,1,1,7,10,0.24,0.57,2,7,0.3942,0.3239,0.2819,0.2535,2.17,2.837,4.31,3.693,1.283,-2.6,0
3097,2025,2025-09-24,139,122,3,2,20,9,3.61,1.6,8,6,0.6837,0.1998,0.1165,0.464,1.46,4.337,7.633,1.96,1.883,196.0,0
3098,2025,2025-09-24,125,128,1,0,17,7,2.76,0.76,11,2,0.445,0.3166,0.2385,0.2569,1.757,3.547,5.04,2.107,1.737,19.6,0
3099,2025,2025-09-25,132,177,1,1,9,12,0.9,0.82,2,3,0.6213,0.2231,0.1556,0.4498,1.91,3.203,4.757,2.353,1.597,118.7,0
3100,2025,2025-09-25,164,136,1,3,7,22,1.04,2.07,6,9,,,,,12.663,6.94,1.21,1.5,2.6,-396.9,0
3101,2025,2025-09-26,126,158,0,0,12,20,1.08,1.08,8,4,0.5414,0.2197,0.2389,0.578,2.563,3.267,2.827,2.097,1.747,-79.4,0
3102,2025,2025-09-27,135,168,1,1,11,11,0.55,1.24,6,2,,,,,2.12,3.077,3.95,2.577,1.507,36.3,0
3103,2025,2025-09-27,139,130,5,2,13,6,2.34,0.66,7,2,0.4097,0.2449,0.3454,0.5252,3.09,3.52,2.28,1.797,2.053,-147.2,0
3104,2025,2025-09-27,128,138,1,0,12,12,0.74,0.78,4,8,0.3839,0.3334,0.2827,0.2343,2.507,2.883,3.37,3.087,1.377,-29.4,0
3105,2025,2025-09-27,133,129,1,0,14,16,1.22,1.44,6,5,0.3802,0.2515,0.3683,0.4979,2.057,3.31,3.843,2.033,1.793,25.0,0
3106,2025,2025-09-28,122,123,0,1,18,4,1.89,0.63,12,4,0.4147,0.2805,0.3048,0.3749,2.007,3.337,4.007,2.067,1.78,31.1,0
3107,2025,2025-09-28,177,131,2,1,17,8,3.58,0.77,7,2,0.2432,0.2401,0.5167,0.4904,2.867,3.17,2.64,2.113,1.73,-83.8,0
3108,2025,2025-09-28,136,125,2,1,22,7,2.22,0.97,12,1,0.7134,0.1717,0.1149,0.5807,1.333,5.527,8.673,1.383,3.037,359.8,0
3109,2025,2025-09-28,134,132,2,0,12,12,0.76,0.7,5,5,0.5161,0.2392,0.2447,0.4955,1.86,3.54,4.35,1.997,1.847,50.1,0
3110,2025,2025-09-30,124,164,1,2,16,10,1.51,0.77,5,4,,,,,1.73,3.483,5.377,2.303,1.623,90.7,0
3111,2025,2025-10-03,132,135,2,1,7,6,0.43,0.82,1,6,0.4473,0.2859,0.2667,0.3445,2.17,2.893,4.173,3.31,1.333,49.6,0
3112,2025,2025-10-04,164,168,0,2,13,14,1.31,1.94,9,3,,,,,2.413,3.19,3.113,2.103,1.74,14.5,0
3113,2025,2025-10-04,126,124,2,1,4,19,1.02,1.14,0,7,0.5097,0.2327,0.2576,0.5354,2.36,3.29,3.143,2.007,1.83,-107.3,0
3114,2025,2025-10-04,129,128,2,1,18,6,2.05,0.32,7,2,0.5757,0.2749,0.1494,0.2917,1.623,3.663,6.323,2.247,1.653,146.1,0
3115,2025,2025-10-04,130,133,3,1,26,9,3.52,1.0,4,0,0.6714,0.1693,0.1594,0.7084,1.39,5.15,7.203,1.427,2.813,173.7,0
3116,2025,2025-10-05,138,177,3,1,25,6,2.42,0.38,14,4,0.5576,0.2667,0.1756,0.3367,2.263,2.987,3.707,2.74,1.45,38.7,0
3117,2025,2025-10-05,123,136,4,1,13,17,2.8,2.25,7,6,0.1681,0.1849,0.647,0.6429,5.713,4.93,1.487,1.45,2.737,-362.4,0
3118,2025,2025-10-05,158,134,1,2,14,12,2.28,1.4,10,5,0.3482,0.2545,0.3973,0.4827,2.6,3.387,2.733,1.887,1.95,-102.7,0
3119,2025,2025-10-05,125,122,0,1,10,7,0.79,0.8,7,5,0.4589,0.2997,0.2413,0.2964,2.143,3.387,3.473,2.023,1.823,4.4,0
3120,2025,2025-10-05,131,139,1,1,18,6,1.92,0.3,6,3,0.2455,0.2242,0.5303,0.5631,4.673,3.737,1.783,1.917,1.923,-234.1,0
3121,2025,2025-10-17,164,158,0,2,13,19,0.77,3.74,3,5,,,,,2.88,3.087,2.647,2.4,1.573,-43.0,0
3122,2025,2025-10-18,123,128,1,3,13,7,1.26,1.85,9,2,0.4261,0.2923,0.2816,0.3318,1.85,3.423,4.647,2.2,1.683,48.4,0
3123,2025,2025-10-18,136,126,2,1,27,11,1.61,1.55,11,5,0.7594,0.1334,0.1072,0.7673,1.203,7.177,12.543,1.3,3.435,385.5,0
3124,2025,2025-10-18,133,134,2,2,7,16,0.66,1.18,5,6,0.5226,0.2121,0.2653,0.6431,2.083,3.623,3.427,1.547,2.473,47.7,0
3125,2025,2025-10-18,139,132,1,0,18,9,2.58,1.14,4,2,0.6803,0.1892,0.1305,0.5393,1.337,5.05,9.68,1.74,2.103,197.2,0
3126,2025,2025-10-19,177,129,0,0,15,4,1.08,0.25,6,2,0.1424,0.2408,0.6168,0.3719,3.983,3.313,2.017,2.173,1.69,-188.6,0
3127,2025,2025-10-19,131,125,1,1,4,17,0.95,1.55,1,10,0.4363,0.2608,0.3029,0.4445,2.037,3.47,3.75,1.987,1.85,27.6,0
3128,2025,2025-10-19,168,122,0,3,17,10,0.91,1.55,11,4,,,,,2.73,3.273,2.67,1.98,1.843,-32.7,0
3129,2025,2025-10-19,135,130,0,1,7,23,0.52,2.3,1,4,0.1778,0.2358,0.5864,0.4353,7.163,4.497,1.45,1.937,1.903,-369.3,0
3130,2025,2025-10-20,138,124,0,0,13,5,0.74,0.45,7,0,0.3959,0.2994,0.3048,0.318,2.187,3.147,3.663,2.327,1.613,-24.3,0
3131,2025,2025-10-24,125,123,2,1,5,6,1.61,0.23,1,9,0.4742,0.2702,0.2556,0.3878,1.943,3.54,3.943,1.97,1.873,-9.2,0
3132,2025,2025-10-25,126,164,3,3,8,10,2.03,1.79,11,4,,,,,1.743,3.633,5.093,2.013,1.833,-0.9,0
3133,2025,2025-10-25,158,177,1,0,16,13,1.93,0.86,4,2,0.5913,0.2335,0.1752,0.4402,2.0,3.307,4.1,2.127,1.727,70.3,0
3134,2025,2025-10-25,129,135,0,1,7,8,0.38,0.93,1,5,0.5804,0.2676,0.152,0.3114,1.637,3.533,6.393,2.717,1.46,153.8,0
3135,2025,2025-10-25,124,133,0,2,15,12,0.8,2.18,7,5,0.333,0.236,0.431,0.5646,3.68,3.517,2.053,1.86,1.98,-126.6,0
3136,2025,2025-10-26,128,168,1,1,20,13,1.58,2.08,5,4,,,,,1.957,3.387,4.097,2.06,1.787,35.1,0
3137,2025,2025-10-26,130,136,2,1,23,15,3.63,1.03,12,4,0.4666,0.2182,0.3152,0.6483,1.85,4.36,3.603,1.307,3.533,29.9,0
3138,2025,2025-10-26,132,131,2,3,17,11,2.31,1.96,5,2,0.4342,0.242,0.3237,0.5324,2.373,3.203,3.2,2.173,1.697,26.9,0
3139,2025,2025-10-26,122,138,1,0,15,12,1.18,0.84,7,5,0.3942,0.3166,0.2891,0.2712,2.227,3.03,3.743,2.627,1.497,30.1,0
3140,2025,2025-10-27,134,139,0,2,17,9,1.07,0.6,2,5,0.2857,0.2447,0.4696,0.5021,3.317,3.493,2.167,1.88,1.96,-116.6,0
3141,2025,2025-10-31,135,126,2,1,12,8,0.88,1.43,8,3,0.3682,0.2661,0.3657,0.4359,2.123,3.013,3.983,2.667,1.48,59.0,0
3142,2025,2025-11-01,133,122,4,0,16,13,3.02,1.02,3,5,0.6069,0.2109,0.1822,0.5423,1.737,3.843,4.72,1.667,2.22,128.2,0
3143,2025,2025-11-01,139,123,3,0,15,10,3.53,0.46,9,4,0.71,0.1745,0.1155,0.5689,1.353,5.083,8.663,1.697,2.177,257.2,0
3144,2025,2025-11-01,125,129,3,2,9,11,1.52,0.83,6,2,0.2807,0.3093,0.41,0.2867,2.703,2.92,2.967,2.557,1.523,-116.5,0
3145,2025,2025-11-01,130,124,4,0,21,4,2.71,0.49,7,1,0.7344,0.1635,0.1021,0.5823,1.147,8.28,17.233,1.323,3.353,353.9,0
3146,2025,2025-11-02,168,131,1,2,9,20,1.2,2.0,4,4,,,,,3.103,3.397,2.35,1.837,2.01,-67.1,0
3147,2025,2025-11-02,138,158,2,1,13,18,1.22,1.06,1,6,0.4222,0.2868,0.291,0.3508,2.437,3.087,3.207,2.34,1.61,-28.6,0
3148,2025,2025-11-02,136,177,3,1,17,9,1.88,0.66,6,3,0.8911,0.0756,0.0333,0.7538,1.187,7.507,13.203,1.31,3.49,385.3,0
3149,2025,2025-11-02,134,128,3,0,15,14,2.36,0.62,4,5,0.5163,0.2687,0.215,0.3651,1.55,4.283,5.73,1.707,2.153,118.4,0
3150,2025,2025-11-03,164,132,0,0,8,11,0.96,0.82,4,2,,,,,3.17,3.127,2.43,2.217,1.667,-88.8,0
3151,2025,2025-11-07,177,125,1,1,12,13,0.8,1.36,1,3,0.2362,0.286,0.4778,0.3293,3.07,3.127,2.49,2.233,1.663,-77.7,0
3152,2025,2025-11-08,126,138,1,0,10,14,0.85,1.84,6,1,0.5127,0.2467,0.2406,0.4617,2.137,3.293,3.613,2.133,1.72,-70.9,0
3153,2025,2025-11-08,123,132,1,0,10,9,1.7,1.29,5,6,0.4173,0.258,0.3246,0.4628,2.317,3.193,3.357,2.063,1.783,-39.9,0
3154,2025,2025-11-08,139,168,3,1,25,6,2.92,1.19,21,4,,,,,1.22,6.887,11.82,1.427,2.803,308.7,0
3155,2025,2025-11-08,158,133,0,2,14,9,0.5,1.61,4,2,0.3131,0.2264,0.4605,0.6043,2.813,3.42,2.513,1.9,1.943,-149.2,0
3156,2025,2025-11-09,129,164,1,0,21,4,1.7,0.22,7,4,,,,,1.597,3.59,6.92,2.35,1.597,156.6,0
3157,2025,2025-11-09,122,130,0,0,13,21,1.2,0.98,5,8,0.1731,0.2268,0.6001,0.4622,5.757,4.69,1.513,1.51,2.58,-333.6,0
3158,2025,2025-11-09,124,134,1,1,17,9,1.94,1.6,7,2,0.365,0.2636,0.3714,0.4461,3.507,3.443,2.133,1.943,1.897,-107.7,0
3159,2025,2025-11-09,128,135,1,0,6,14,1.11,0.75,1,14,0.3832,0.336,0.2807,0.2287,2.57,2.843,3.267,3.117,1.367,-20.4,0
3160,2025,2025-11-09,131,136,2,4,5,21,0.58,3.31,2,5,0.1998,0.1863,0.614,0.6954,4.137,4.297,1.743,1.367,3.123,-285.3,0
3161,2025,2025-11-21,124,168,1,0,14,7,1.49,0.72,7,0,,,,,2.05,3.48,3.663,1.997,1.847,63.5,0
3162,2025,2025-11-22,138,131,0,1,5,7,0.67,1.37,4,2,0.3871,0.2697,0.3432,0.4205,2.703,3.01,2.913,2.377,1.587,-40.9,0
3163,2025,2025-11-22,136,129,4,0,19,13,2.0,0.8,5,7,0.5568,0.2288,0.2145,0.5086,1.43,5.087,6.64,1.45,2.733,227.4,0
3164,2025,2025-11-22,132,125,1,3,14,19,1.34,1.63,3,3,0.4022,0.2845,0.3133,0.364,2.693,2.953,2.96,2.39,1.58,7.2,0
3165,2025,2025-11-22,133,128,2,1,14,9,2.23,1.02,3,1,0.5912,0.2242,0.1846,0.4888,1.393,4.957,7.667,1.653,2.24,181.8,0
3166,2025,2025-11-23,164,122,0,0,8,12,0.43,1.74,5,6,,,,,3.513,3.203,2.223,2.27,1.643,-96.4,0
3167,2025,2025-11-23,134,126,1,1,23,11,1.42,1.46,8,0,0.4947,0.2235,0.2818,0.599,1.503,4.513,5.94,1.55,2.47,176.7,0
3168,2025,2025-11-23,135,139,0,1,9,13,0.7,0.99,6,7,0.206,0.2623,0.5317,0.3773,4.863,3.33,1.847,2.733,1.457,-269.7,0
3169,2025,2025-11-23,177,130,2,2,15,20,1.44,3.49,2,8,0.0871,0.1537,0.7593,0.581,6.79,5.313,1.4,1.493,2.623,-418.7,0
3170,2025,2025-11-24,158,123,2,1,8,22,1.09,1.82,4,13,0.4378,0.2553,0.307,0.4681,1.823,3.693,4.373,1.9,1.94,1.5,0
3171,2025,2025-11-28,135,177,1,0,15,9,1.06,0.51,3,5,0.5536,0.2699,0.1765,0.329,2.263,2.92,3.817,2.743,1.447,45.2,0
3172,2025,2025-11-29,128,132,2,2,7,14,1.49,1.09,2,8,0.3799,0.3014,0.3187,0.3146,2.43,3.057,3.257,2.397,1.577,-15.4,0
3173,2025,2025-11-29,136,138,3,1,18,9,2.24,1.59,5,4,0.7547,0.1545,0.0908,0.5897,1.25,6.427,10.383,1.41,2.91,340.1,0
3174,2025,2025-11-29,168,129,0,2,11,14,1.3,2.9,4,2,,,,,3.873,3.433,2.023,2.043,1.783,-153.9,0
3175,2025,2025-11-29,139,164,2,0,14,12,1.93,0.93,7,2,,,,,1.243,6.087,12.49,1.633,2.27,339.8,0
3176,2025,2025-11-30,125,133,2,3,18,10,1.02,1.51,8,2,0.3627,0.2498,0.3874,0.5051,2.84,3.363,2.507,1.867,1.977,-134.3,0
3177,2025,2025-11-30,123,134,0,2,9,9,0.35,1.1,6,4,0.3555,0.252,0.3925,0.4948,2.7,3.27,2.693,2.02,1.803,-120.4,0
3178,2025,2025-11-30,131,158,0,1,11,9,0.63,0.38,4,3,0.513,0.23,0.257,0.5473,1.887,3.5,4.31,1.897,1.927,34.1,0
3179,2025,2025-11-30,126,130,1,1,10,25,0.79,2.53,2,5,0.2252,0.2034,0.5714,0.6428,7.067,5.543,1.373,1.36,3.153,-403.7,0
3180,2025,2025-12-01,122,124,1,1,19,10,1.57,0.63,10,5,0.3921,0.2952,0.3127,0.3312,2.05,3.23,3.983,2.227,1.667,14.9,0
3181,2025,2025-12-02,136,139,3,1,19,7,3.6,0.98,5,4,0.5222,0.2177,0.2601,0.6093,1.68,4.353,4.407,1.397,2.967,41.9,0
3182,2025,2025-12-03,129,130,0,3,9,13,0.84,2.21,5,7,0.3418,0.2714,0.3868,0.4139,4.177,3.69,1.857,1.917,1.923,-235.6,0
3183,2025,2025-12-05,164,128,0,0,15,13,1.18,0.68,8,5,,,,,2.593,2.963,3.033,2.557,1.517,-49.4,0
3184,2025,2025-12-06,133,135,2,0,10,6,0.61,0.22,5,3,0.5933,0.2191,0.1876,0.5143,1.63,3.727,5.943,2.18,1.687,177.6,0
3185,2025,2025-12-06,138,125,1,0,14,10,1.39,1.17,5,8,0.3569,0.3182,0.3249,0.2721,2.74,2.947,2.917,2.7,1.47,-45.5,0
3186,2025,2025-12-06,134,136,3,5,17,16,2.51,2.83,7,7,0.2425,0.2097,0.5479,0.632,3.707,4.073,1.873,1.357,3.177,-209.7,0
3187,2025,2025-12-06,129,139,1,0,14,7,1.15,0.69,5,6,0.3742,0.2839,0.3419,0.3702,2.89,3.193,2.567,2.13,1.72,-173.1,0
3188,2025,2025-12-07,177,126,3,0,11,8,2.03,0.94,2,2,0.2264,0.229,0.5446,0.5212,2.097,3.297,3.76,2.03,1.803,-17.1,0
3189,2025,2025-12-07,124,123,1,1,11,4,1.19,0.32,2,2,0.4527,0.2613,0.286,0.4352,1.983,3.39,3.98,2.167,1.697,42.5,0
3190,2025,2025-12-07,158,122,1,0,9,6,1.33,0.25,6,2,0.4291,0.2818,0.2891,0.3659,2.423,3.177,3.11,2.327,1.613,-9.7,0
3191,2025,2025-12-07,130,131,0,2,23,7,2.46,1.55,8,1,0.7441,0.1479,0.108,0.6847,1.263,6.33,10.103,1.39,2.993,322.4,0
3192,2025,2025-12-08,132,168,2,0,14,11,1.05,0.48,3,3,,,,,1.683,3.91,4.997,1.843,2.003,72.9,0
3193,2025,2025-12-12,125,126,1,2,9,14,0.92,1.44,4,3,0.4268,0.2563,0.317,0.4676,1.803,3.663,4.487,1.96,1.873,74.8,0
3194,2025,2025-12-13,139,124,2,1,10,13,1.01,1.17,5,7,0.6796,0.1937,0.1268,0.511,1.307,5.507,9.72,1.587,2.37,253.6,0
3195,2025,2025-12-13,128,177,3,1,15,9,2.44,0.29,1,1,0.54,0.2805,0.1795,0.3049,2.54,2.967,3.143,2.493,1.54,33.8,0
3196,2025,2025-12-13,136,132,2,0,24,3,2.41,0.37,14,1,0.7641,0.1402,0.0957,0.6844,1.193,7.557,12.803,1.303,3.48,332.8,0
3197,2025,2025-12-13,135,158,0,1,11,6,0.23,0.5,6,4,0.4192,0.2894,0.2914,0.3433,2.64,2.817,3.23,3.467,1.307,-39.7,0
3198,2025,2025-12-14,123,164,4,0,13,4,2.03,0.64,5,3,,,,,2.1,3.133,3.903,2.367,1.59,45.6,0
3199,2025,2025-12-14,131,129,2,0,5,14,1.35,1.61,1,4,0.2909,0.2608,0.4483,0.4394,2.927,3.14,2.593,2.243,1.65,-59.4,0
3200,2025,2025-12-14,138,130,1,2,6,13,1.36,1.83,5,7,0.1785,0.234,0.5875,0.443,5.737,4.057,1.58,1.757,2.073,-326.7,0
3201,2025,2025-12-15,122,134,0,0,23,13,1.86,0.81,8,3,0.3332,0.278,0.3888,0.3891,2.55,3.175,2.89,2.183,1.69,-92.1,0
3202,2025,2025-12-19,124,128,1,1,17,4,1.28,0.19,12,3,0.4291,0.3046,0.2663,0.2941,2.063,3.197,3.947,2.403,1.567,18.2,0
3203,2025,2025-12-20,164,131,0,0,10,6,0.63,0.66,4,3,,,,,3.49,3.213,2.213,2.43,1.567,-149.1,0
3204,2025,2025-12-20,168,125,1,1,13,18,1.29,1.38,7,10,,,,,3.06,3.313,2.387,2.047,1.783,-78.5,0
3205,2025,2025-12-20,132,138,3,0,16,7,2.01,0.57,9,0,0.4479,0.2838,0.2684,0.3516,2.21,2.943,3.93,3.063,1.38,26.8,0
3206,2025,2025-12-20,130,123,2,0,18,14,2.33,1.56,6,5,0.764,0.1449,0.0911,0.6411,1.2,7.233,13.123,1.39,2.997,323.2,0
3207,2025,2025-12-21,126,139,0,3,9,14,1.06,0.9,3,4,0.2639,0.2235,0.5126,0.5842,4.91,3.777,1.723,1.863,1.97,-321.3,0
3208,2025,2025-12-21,133,136,0,2,14,19,1.66,2.72,5,10,0.2831,0.1978,0.5191,0.7369,3.97,4.39,1.737,1.353,3.2,-185.3,0
3209,2025,2025-12-21,177,122,4,0,18,18,2.51,0.95,4,5,0.2809,0.2981,0.421,0.3156,2.513,2.943,3.22,2.61,1.5,-82.2,0
3210,2025,2025-12-21,134,135,4,0,19,15,3.3,1.42,7,5,0.5184,0.2623,0.2193,0.3883,1.743,3.353,5.573,2.627,1.493,134.7,0
3211,2025,2025-12-22,129,158,1,2,17,10,1.59,0.9,8,4,0.6223,0.2286,0.1491,0.42,1.86,3.347,4.737,2.293,1.63,61.2,0
3212,2025,2026-01-02,122,135,1,1,13,12,0.96,0.65,3,2,0.3937,0.3192,0.2872,0.2651,2.083,2.86,4.577,3.327,1.33,33.5,0
3213,2025,2026-01-03,131,124,4,1,12,16,2.7,1.94,2,4,0.4822,0.2424,0.2753,0.5057,2.017,3.26,4.017,2.243,1.66,56.8,0
3214,2025,2026-01-03,132,129,1,1,11,16,0.67,1.46,1,9,0.2697,0.2799,0.4504,0.364,3.06,2.95,2.62,2.563,1.52,-64.9,0
3215,2025,2026-01-03,177,133,1,3,16,12,1.32,1.74,6,2,0.1732,0.1983,0.6285,0.5853,3.143,3.453,2.263,1.76,2.07,-192.4,0
3216,2025,2026-01-03,158,136,0,2,14,15,1.6,1.94,5,7,0.1644,0.1853,0.6502,0.633,5.833,4.63,1.5,1.507,2.597,-304.7,0
3217,2025,2026-01-04,123,168,0,3,15,6,1.7,1.03,5,1,,,,,1.753,3.713,4.723,1.877,1.943,69.5,0
3218,2025,2026-01-04,130,134,5,1,19,13,2.94,1.06,5,8,0.6825,0.1784,0.1391,0.6109,1.497,4.58,6.267,1.547,2.457,197.3,0
3219,2025,2026-01-04,138,164,1,1,19,18,1.83,2.44,6,7,,,,,1.95,2.903,5.29,3.32,1.333,45.5,0
3220,2025,2026-01-04,128,126,1,2,9,9,1.26,1.51,3,6,0.3597,0.2728,0.3675,0.4099,2.27,3.123,3.507,2.307,1.627,52.8,0
3221,2025,2026-01-04,125,139,1,1,18,10,1.73,1.25,6,6,0.246,0.2676,0.4864,0.3905,3.92,3.753,1.89,1.753,2.08,-281.0,0
3222,2025,2026-01-09,135,125,1,2,6,12,0.27,1.56,2,4,0.3543,0.3209,0.3248,0.2657,3.527,2.96,2.353,2.95,1.403,-32.0,0
3223,2025,2026-01-10,164,134,1,1,13,15,1.24,2.24,5,2,,,,,3.847,3.413,1.993,2.047,1.777,-188.2,0
3224,2025,2026-01-10,133,138,3,1,11,16,1.5,0.94,1,6,0.5942,0.2175,0.1883,0.5225,1.46,4.387,7.337,1.967,1.853,195.6,0
3225,2025,2026-01-10,126,132,1,0,8,12,0.65,1.41,2,1,0.5049,0.2277,0.2675,0.5671,2.533,3.143,2.98,2.277,1.64,-63.7,0
3226,2025,2026-01-10,124,177,1,1,16,5,1.94,0.18,8,6,0.6006,0.2364,0.163,0.4136,2.02,3.25,4.063,2.277,1.64,49.8,0
3227,2025,2026-01-11,122,128,2,1,14,9,2.37,0.72,6,5,0.3925,0.3273,0.2802,0.2461,1.907,3.207,4.773,2.573,1.51,15.2,0
3228,2025,2026-01-11,168,158,1,1,8,19,1.11,1.36,4,3,,,,,3.18,3.283,2.327,2.037,1.79,-102.1,0
3229,2025,2026-01-12,123,131,0,1,7,9,0.27,1.63,6,1,0.4088,0.2406,0.3506,0.5467,2.673,3.1,2.87,2.3,1.627,-113.6,0
3230,2025,2026-01-16,158,126,0,2,14,7,1.07,1.95,5,4,0.3816,0.2387,0.3797,0.5591,1.895,3.401,4.452,2.188,1.693,77.4,0
3231,2025,2026-01-17,130,168,2,0,26,10,2.88,0.8,8,0,,,,,1.148,8.827,15.715,1.277,3.686,380.3,0
3232,2025,2026-01-17,128,129,3,2,17,21,2.79,2.08,3,7,0.2339,0.3176,0.4485,0.253,3.787,3.082,2.174,2.342,1.596,-110.1,0
3233,2025,2026-01-17,132,164,3,2,16,13,1.37,1.34,3,6,,,,,1.762,3.473,5.155,2.274,1.636,81.8,0
3234,2025,2026-01-17,134,133,2,0,15,9,1.07,1.02,2,3,0.4223,0.224,0.3537,0.6321,2.6,3.475,2.674,1.725,2.13,-55.7,0
3235,2025,2026-01-18,135,124,0,1,14,7,0.62,0.89,9,3,0.393,0.302,0.305,0.3109,2.52,2.737,3.505,3.167,1.353,-35.7,0
3236,2025,2026-01-18,139,138,1,0,23,8,1.78,0.85,6,6,0.671,0.2079,0.1211,0.4437,1.366,4.845,9.185,1.914,1.907,313.1,0
3237,2025,2026-01-18,131,122,3,0,11,14,1.87,1.11,5,7,0.4974,0.2517,0.2509,0.4503,1.939,3.282,4.485,2.209,1.659,80.9,0
3238,2025,2026-01-18,125,136,2,1,7,25,1.01,3.68,6,8,0.2095,0.2253,0.5652,0.5175,4.77,4.412,1.628,1.448,2.771,-348.7,0
3239,2025,2026-01-19,177,123,2,2,10,25,1.54,3.0,9,7,0.2788,0.2661,0.4551,0.4144,2.38,3.128,3.254,2.41,1.571,-4.4,0
3240,2025,2026-01-23,168,177,3,2,26,6,2.61,0.65,9,1,,,,,2.296,3.325,3.18,1.935,1.873,-7.9,0
3241,2025,2026-01-24,122,132,1,3,11,14,0.69,1.41,4,3,0.3881,0.2867,0.3252,0.359,2.202,3.111,3.637,2.351,1.589,-21.1,0
3242,2025,2026-01-24,124,158,3,2,10,16,2.29,1.41,2,7,0.4565,0.2635,0.2801,0.4244,2.387,3.225,3.124,2.291,1.619,-17.4,0
3243,2025,2026-01-24,123,129,2,1,10,15,2.07,2.14,5,5,0.2505,0.2708,0.4786,0.3827,2.708,2.985,2.908,2.408,1.564,-132.1,0
3244,2025,2026-01-24,133,130,0,2,8,14,0.58,1.63,6,6,0.2899,0.2114,0.4987,0.6682,3.742,4.008,1.877,1.439,2.757,-193.5,0
3245,2025,2026-01-25,139,128,3,0,17,6,1.48,0.46,10,3,0.6645,0.216,0.1195,0.4129,1.315,5.232,9.953,1.728,2.112,282.6,0
3246,2025,2026-01-25,136,164,3,0,15,12,2.09,0.48,10,1,,,,,1.121,9.61,19.408,1.253,3.904,426.9,0
3247,2025,2026-01-25,125,131,3,1,10,17,1.61,1.6,2,9,0.4433,0.26,0.2968,0.4453,2.133,3.301,3.587,2.1,1.742,-67.4,0
3248,2025,2026-01-25,138,134,2,1,17,18,1.32,1.27,6,4,0.3381,0.2827,0.3791,0.3737,2.762,2.987,2.838,2.454,1.551,-167.5,0
3249,2025,2026-01-26,126,135,1,1,12,8,0.75,0.8,3,4,0.5121,0.2485,0.2394,0.4536,2.145,3.028,3.92,2.741,1.445,39.1,0
3250,2025,2026-01-30,158,138,1,2,10,11,0.67,1.74,4,2,0.4188,0.2873,0.294,0.3504,1.968,3.057,4.623,2.567,1.511,44.6,0
3251,2025,2026-01-31,164,126,1,0,8,9,1.4,0.65,4,4,,,,,2.845,3.016,2.747,2.309,1.615,-63.9,0
3252,2025,2026-01-31,132,133,2,2,15,5,1.37,0.92,6,2,0.3461,0.2302,0.4237,0.5978,2.774,3.316,2.597,1.881,1.946,-84.7,0
3253,2025,2026-01-31,168,139,0,0,10,10,0.37,0.86,4,7,,,,,5.048,3.813,1.707,1.789,2.041,-305.6,0
3254,2025,2026-01-31,177,136,1,3,9,30,1.0,6.44,2,8,0.0788,0.1332,0.788,0.6564,8.515,6.182,1.298,1.32,3.393,-413.2,0
3255,2025,2026-02-01,130,122,2,1,16,11,2.21,1.03,9,4,0.7375,0.1683,0.0942,0.5357,1.254,6.445,10.858,1.384,3.028,347.0,0
3256,2025,2026-02-01,134,124,2,1,14,15,1.87,1.9,3,5,0.5194,0.2447,0.2358,0.4651,1.824,3.49,4.757,2.025,1.798,97.3,0
3257,2025,2026-02-01,135,131,0,0,9,5,0.43,0.18,5,3,0.3845,0.2719,0.3436,0.4124,2.955,2.824,2.848,2.97,1.398,-130.9,0
3258,2025,2026-02-01,129,125,1,1,19,8,0.97,1.66,6,3,0.5411,0.2766,0.1823,0.3169,2.268,3.11,3.518,2.222,1.675,27.4,0
3259,2025,2026-02-02,128,123,4,1,11,15,2.63,1.13,4,8,0.4056,0.2949,0.2995,0.3294,2.68,3.028,2.915,2.38,1.582,12.8,0
3260,2025,2026-02-06,131,132,1,2,18,8,2.39,0.67,7,3,0.4772,0.2369,0.286,0.5375,2.067,3.27,3.908,2.135,1.728,46.4,0
3261,2025,2026-02-07,136,128,3,0,24,9,2.73,0.8,12,3,0.7485,0.1611,0.0905,0.5571,1.158,8.448,14.683,1.287,3.62,362.1,0
3262,2025,2026-02-07,125,177,3,1,11,11,2.63,1.27,2,4,0.6135,0.241,0.1455,0.3755,1.654,4.018,5.17,1.82,1.996,109.8,0
3263,2025,2026-02-08,138,135,0,2,13,17,2.02,1.91,6,3,0.3966,0.3236,0.2798,0.2538,2.42,2.663,3.868,3.712,1.278,29.8,0
3264,2025,2026-02-08,129,168,4,2,22,6,2.08,0.51,4,3,,,,,1.622,3.91,5.728,1.894,1.93,113.6,0
3265,2025,2026-02-08,123,126,1,1,11,15,0.78,2.56,5,7,0.3896,0.2361,0.3743,0.5718,2.055,3.407,3.745,2.061,1.79,-18.7,0
3266,2025,2026-02-08,139,134,0,1,10,8,0.67,0.7,7,3,0.625,0.2057,0.1693,0.5439,1.483,4.673,6.175,1.607,2.322,132.5,0
3267,2025,2026-02-08,124,130,0,2,7,11,0.44,0.96,5,8,0.1895,0.22,0.5904,0.5132,5.185,4.21,1.625,1.652,2.261,-318.3,0
3268,2025,2026-02-09,133,158,4,1,10,9,0.77,0.51,5,8,0.628,0.1905,0.1815,0.6402,1.723,3.975,4.653,1.816,2.002,116.0,0
3269,2025,2026-02-13,177,132,0,0,17,6,1.7,0.77,10,3,0.2572,0.2656,0.4771,0.4041,2.954,3.112,2.609,2.082,1.752,-117.2,0
3270,2025,2026-02-14,158,131,2,2,9,14,0.77,2.36,2,2,0.4006,0.2435,0.356,0.5338,2.605,3.142,2.89,2.335,1.603,-74.9,0
3271,2025,2026-02-14,135,133,2,1,5,8,1.48,0.6,3,4,0.3076,0.2527,0.4397,0.479,3.202,2.922,2.548,2.806,1.442,-154.4,0
3272,2025,2026-02-14,123,138,1,1,4,12,0.27,1.13,0,3,0.427,0.2831,0.2899,0.3619,2.133,3.125,3.91,2.471,1.556,-9.5,0
3273,2025,2026-02-14,130,125,4,1,11,13,3.12,1.73,4,6,0.6841,0.1929,0.123,0.5058,1.394,5.078,7.593,1.509,2.543,277.2,0
3274,2025,2026-02-15,164,129,1,2,7,13,0.34,1.29,2,3,,,,,3.46,2.957,2.374,2.428,1.556,-147.0,0
3275,2025,2026-02-15,122,139,3,0,13,9,1.61,0.7,4,8,0.2019,0.2533,0.5448,0.4022,4.328,3.574,1.874,2.094,1.761,-257.9,0
3276,2025,2026-02-15,168,124,0,2,9,5,0.61,0.6,3,2,,,,,2.801,3.233,2.636,2.075,1.769,-54.8,0
3277,2025,2026-02-15,128,134,1,2,14,17,1.1,2.04,7,3,0.328,0.2922,0.3798,0.3425,3.053,3.158,2.482,2.117,1.74,-139.2,0
3278,2025,2026-02-16,126,136,2,1,13,27,2.86,2.72,3,7,0.2165,0.1878,0.5956,0.7137,7.442,5.756,1.363,1.316,3.342,-385.0,0
3279,2025,2026-02-18,168,133,0,1,16,15,0.92,2.4,3,2,,,,,4.015,3.733,1.89,1.841,1.998,-181.2,0
3280,2025,2026-02-20,129,177,2,1,18,2,2.97,0.82,4,1,0.7428,0.1784,0.0788,0.451,1.713,3.718,5.163,1.903,1.922,154.1,0
3281,2025,2026-02-21,125,164,3,3,15,14,2.06,1.68,7,6,,,,,1.581,3.84,6.467,1.993,1.837,128.4,0
3282,2025,2026-02-21,134,122,1,1,14,12,1.86,0.88,3,5,0.5312,0.2537,0.2151,0.4134,1.921,3.412,4.302,1.913,1.905,137.3,0
3283,2025,2026-02-21,132,130,2,1,13,15,2.29,1.7,3,7,0.1962,0.2154,0.5884,0.5432,4.865,3.978,1.691,1.666,2.221,-301.3,0
3284,2025,2026-02-21,139,158,4,2,18,8,3.12,1.06,5,3,0.7118,0.1751,0.1132,0.5596,1.409,4.677,8.003,1.758,2.082,217.7,0
3285,2025,2026-02-22,135,123,0,1,6,6,0.32,0.32,2,2,0.4158,0.2867,0.2975,0.3533,2.382,2.822,3.675,3.263,1.342,31.7,0
3286,2025,2026-02-22,136,168,3,0,22,5,2.88,0.53,13,6,,,,,1.106,11.182,19.633,1.204,4.406,417.5,0
3287,2025,2026-02-22,131,128,2,0,20,1,2.51,0.04,7,2,0.4845,0.2655,0.25,0.4001,1.788,3.48,4.978,2.195,1.699,81.6,0
3288,2025,2026-02-22,133,124,2,1,12,8,2.34,1.53,5,4,0.5945,0.2055,0.1999,0.5954,1.691,3.893,4.978,1.818,2.002,102.3,0
3289,2025,2026-02-23,138,126,2,2,17,10,1.94,2.22,7,6,0.3706,0.264,0.3654,0.4442,2.424,3.043,3.289,2.197,1.694,-27.6,0
3290,2025,2026-02-27,168,138,2,0,22,17,2.34,1.35,10,6,,,,,2.745,3.083,2.8,2.303,1.623,-40.5,0
3291,2025,2026-02-28,122,129,1,1,15,8,1.44,0.54,5,4,0.2366,0.3006,0.4627,0.2921,2.457,3.091,3.152,2.301,1.623,-81.5,0
3292,2025,2026-02-28,136,133,4,1,19,6,3.2,1.31,3,2,0.6983,0.153,0.1487,0.7753,1.37,5.708,7.043,1.263,3.804,219.3,0
3293,2025,2026-02-28,128,125,0,1,6,12,0.66,0.43,3,7,0.3452,0.3297,0.3251,0.2462,3.113,3.299,2.361,2.118,1.736,-69.9,0
3294,2025,2026-02-28,164,139,0,1,16,12,1.1,0.75,8,3,,,,,5.067,3.527,1.772,2.014,1.823,-301.3,0
3295,2025,2026-03-01,177,158,2,2,17,9,2.0,0.77,3,1,0.2833,0.2702,0.4465,0.4019,2.432,3.263,3.042,2.004,1.83,-60.8,0
3296,2025,2026-03-01,124,132,1,0,14,8,1.56,0.32,5,4,0.4242,0.2685,0.3073,0.417,2.418,3.11,3.182,2.272,1.647,-48.4,0
3297,2025,2026-03-01,134,123,2,2,9,14,1.59,0.87,4,3,0.5473,0.229,0.2237,0.5182,1.777,3.702,4.65,2.023,1.807,169.5,0
3298,2025,2026-03-01,126,131,1,2,15,6,1.37,0.6,10,6,0.4983,0.2145,0.2872,0.6498,2.483,3.228,2.986,2.077,1.764,-81.7,0
3299,2025,2026-03-02,130,135,0,1,18,9,1.91,0.49,10,2,0.7233,0.1781,0.0986,0.5064,1.378,4.628,9.583,2.05,1.795,365.2,0
3300,2025,2026-03-04,122,164,3,0,19,8,2.51,0.99,12,2,,,,,1.73,3.62,5.142,2.178,1.697,84.8,0
3301,2025,2026-03-06,131,130,1,2,8,14,1.04,0.86,1,6,0.2086,0.2026,0.5888,0.6233,3.018,3.325,2.41,1.918,1.89,-233.2,0
3302,2025,2026-03-07,132,128,2,2,22,8,2.56,1.08,8,0,0.4462,0.2929,0.2608,0.3223,1.876,3.432,4.483,2.203,1.685,85.4,0
3303,2025,2026-03-07,168,126,1,1,14,22,0.75,1.95,2,3,,,,,2.824,3.294,2.555,1.912,1.902,-46.7,0
3304,2025,2026-03-07,139,125,3,2,24,7,2.31,0.41,8,1,0.6286,0.223,0.1484,0.4386,1.636,4.013,5.34,1.758,2.085,177.2,0
3305,2025,2026-03-07,129,136,0,1,10,7,0.85,0.4,2,4,0.3425,0.2544,0.4031,0.4823,4.728,4.355,1.647,1.517,2.543,-262.1,0
3306,2025,2026-03-08,133,177,2,1,16,13,1.58,1.22,4,6,0.7723,0.1397,0.0881,0.6581,1.465,4.632,6.663,1.596,2.345,193.9,0
3307,2025,2026-03-08,135,134,2,0,9,14,0.41,1.38,3,8,0.3359,0.2849,0.3792,0.3661,2.794,2.78,3.027,2.927,1.408,-138.8,0
3308,2025,2026-03-08,123,122,1,1,11,9,1.0,0.35,6,2,0.4375,0.2776,0.2849,0.3777,2.529,3.084,3.07,2.284,1.626,-47.6,0
3309,2025,2026-03-08,124,138,3,2,19,10,2.79,1.33,10,2,0.4308,0.2949,0.2743,0.322,2.105,3.058,4.022,2.483,1.539,72.0,0
3310,2025,2026-03-09,158,164,1,1,28,6,1.83,0.87,8,0,,,,,1.949,3.343,4.257,2.244,1.656,74.3,0
3311,2025,2026-03-13,138,133,1,1,8,10,0.22,0.59,5,2,0.3094,0.2509,0.4396,0.4874,3.502,3.388,2.146,1.952,1.891,-180.0,0
3312,2025,2026-03-14,126,129,3,0,14,20,1.61,1.84,2,9,0.3107,0.2573,0.432,0.4614,2.9,3.31,2.497,2.016,1.813,-99.2,0
3313,2025,2026-03-14,139,135,1,0,16,7,1.63,1.18,10,3,0.6693,0.2099,0.1208,0.4362,1.639,3.522,6.558,2.4,1.571,237.1,0
3314,2025,2026-03-14,164,124,1,0,11,13,0.87,0.61,4,7,,,,,2.882,3.153,2.631,2.26,1.656,-111.5,0
3315,2025,2026-03-14,130,177,4,1,14,11,1.37,0.84,5,4,0.8674,0.0931,0.0394,0.6827,1.293,5.918,9.816,1.444,2.77,416.0,0
3316,2025,2026-03-15,128,158,2,1,26,10,2.25,1.3,5,6,0.4088,0.2978,0.2934,0.3198,2.497,3.138,3.099,2.297,1.631,-13.5,0
3317,2025,2026-03-15,136,123,5,2,13,8,3.66,0.83,3,4,0.7921,0.1258,0.0821,0.714,1.287,5.947,9.947,1.371,3.09,383.2,0
3318,2025,2026-03-15,134,131,1,1,19,7,1.47,0.75,3,4,0.5131,0.2246,0.2623,0.5772,2.105,3.312,3.73,1.974,1.855,31.2,0
3319,2025,2026-03-15,125,132,3,1,14,13,2.13,0.65,3,5,0.4459,0.279,0.2751,0.3692,1.927,3.545,4.045,1.975,1.86,4.3,0
3320,2025,2026-03-16,122,168,1,1,18,19,1.88,1.2,5,6,,,,,1.805,3.623,4.617,2.05,1.786,82.2,0
3321,2025,2026-03-20,133,125,3,1,21,11,3.7,1.08,4,5,0.5431,0.2282,0.2286,0.527,1.952,3.652,3.858,1.756,2.098,56.9,0
3322,2025,2026-03-21,177,128,2,1,13,11,1.6,1.37,2,2,0.2757,0.3139,0.4104,0.2747,2.102,3.39,3.646,1.944,1.892,-58.1,0
3323,2025,2026-03-21,158,135,1,2,15,10,1.75,1.51,12,9,0.4184,0.2895,0.2921,0.3432,2.507,2.901,3.329,3.066,1.379,-30.1,0
3324,2025,2026-03-21,168,164,4,2,20,10,2.36,1.34,3,1,,,,,2.331,3.234,3.264,2.228,1.673,12.8,0
3325,2025,2026-03-21,132,126,1,0,19,5,1.71,0.21,6,2,0.4156,0.2384,0.3461,0.5565,2.064,3.504,3.632,1.844,1.984,31.3,0
3326,2025,2026-03-21,123,124,0,2,13,9,0.4,1.81,1,3,0.4226,0.265,0.3124,0.4315,2.208,3.182,3.592,2.388,1.581,-48.9,0
3327,2025,2026-03-22,136,122,1,0,15,8,1.39,1.56,6,9,0.7669,0.147,0.0862,0.6114,1.213,7.436,11.66,1.303,3.536,351.4,0
3328,2025,2026-03-22,131,138,3,4,12,14,1.84,1.83,4,1,0.4859,0.2575,0.2566,0.4326,1.959,3.266,4.406,2.188,1.697,135.1,0
3329,2025,2026-03-22,129,134,2,1,11,11,1.26,0.47,6,5,0.5369,0.2526,0.2105,0.413,2.042,3.56,3.654,2.007,1.844,-43.2,0
3330,2025,2026-03-22,130,139,3,2,17,13,2.41,1.0,4,1,0.5005,0.234,0.2656,0.5361,2.016,3.826,3.476,1.579,2.401,116.1,0
3331,2025,2026-04-03,122,177,1,0,21,9,1.39,0.44,9,4,0.5558,0.2641,0.1802,0.3484,1.741,3.81,4.772,1.839,2.008,83.2,0
3332,2025,2026-04-04,125,168,2,0,18,8,2.78,0.28,11,5,,,,,1.602,4.302,5.214,1.579,2.4,101.1,0
3333,2025,2026-04-04,128,130,2,1,6,15,1.22,1.28,6,4,0.1749,0.2417,0.5834,0.4113,5.506,4.424,1.57,1.544,2.49,-388.3,0
3334,2025,2026-04-04,134,158,0,0,19,8,1.38,0.2,4,3,0.5508,0.2302,0.219,0.5076,1.826,3.76,4.332,1.844,1.999,134.5,0
3335,2025,2026-04-04,139,136,1,2,6,22,0.92,2.52,1,9,0.4117,0.2309,0.3574,0.5967,3.29,4.204,1.98,1.398,2.998,-137.7,0
3336,2025,2026-04-05,135,129,2,0,10,5,1.94,0.57,4,3,0.2393,0.3098,0.4508,0.2719,3.36,2.878,2.499,3.118,1.371,-58.0,0
3337,2025,2026-04-05,124,131,2,3,13,9,0.8,1.05,6,0,0.4179,0.2502,0.3318,0.4979,2.369,3.267,3.147,2.18,1.695,-34.3,0
3338,2025,2026-04-05,164,123,1,0,7,9,0.48,0.66,5,9,,,,,2.884,2.982,2.748,2.538,1.53,-35.9,0
3339,2025,2026-04-05,138,132,2,2,18,8,2.07,1.31,7,1,0.3922,0.2908,0.317,0.345,2.778,3.17,2.706,2.244,1.667,-80.4,0
3340,2025,2026-04-06,126,133,1,0,10,9,0.48,0.55,7,4,0.4002,0.2115,0.3883,0.7067,3.011,3.572,2.332,1.644,2.271,-133.9,0
3341,2025,2026-04-10,130,126,1,1,22,10,2.3,0.52,10,1,0.7317,0.1508,0.1175,0.699,1.326,5.824,8.53,1.304,3.552,322.7,0
3342,2025,2026-04-11,125,138,3,3,12,12,1.27,1.04,9,5,0.448,0.3064,0.2456,0.2823,1.815,3.658,4.478,1.828,2.011,99.4,0
3343,2025,2026-04-11,177,124,1,0,7,22,0.71,2.54,5,9,0.2641,0.2766,0.4593,0.3719,2.621,3.388,2.724,1.863,1.978,-97.5,0
3344,2025,2026-04-11,136,158,4,1,20,10,2.73,1.13,7,5,0.7936,0.126,0.0804,0.7057,1.314,5.782,8.944,1.404,2.95,383.6,0
3345,2025,2026-04-11,123,139,2,1,11,13,1.85,0.84,6,6,0.2094,0.228,0.5626,0.5057,2.221,3.562,3.194,1.863,1.964,-302.7,0
3346,2025,2026-04-12,132,134,1,1,12,8,1.45,0.41,6,3,0.3794,0.2558,0.3648,0.4788,2.335,3.354,3.133,2.015,1.831,-51.2,0
3347,2025,2026-04-12,128,122,3,0,12,17,1.68,1.95,6,7,0.3937,0.3272,0.2792,0.2462,2.464,3.317,2.945,2.044,1.809,-33.4,0
3348,2025,2026-04-12,131,164,0,3,9,8,0.77,1.47,4,1,,,,,1.751,3.512,4.94,2.198,1.691,152.2,0
3349,2025,2026-04-12,129,133,1,2,18,12,1.16,1.31,15,3,0.5221,0.2344,0.2436,0.5152,2.108,3.46,3.555,1.919,1.896,-59.2,0
3350,2025,2026-04-13,168,135,1,0,22,5,2.9,0.29,8,2,,,,,2.667,2.993,2.964,2.606,1.497,-86.4,0
3351,2025,2026-04-21,129,132,1,0,7,8,0.54,1.21,5,4,0.5909,0.2413,0.1678,0.4036,1.895,3.392,4.398,2.001,1.842,7.5,0
3352,2025,2026-04-21,128,124,1,1,20,10,1.82,1.68,7,4,0.3832,0.3105,0.3063,0.2889,2.731,3.196,2.755,2.12,1.738,-8.9,0
3353,2025,2026-04-21,130,138,2,1,24,19,1.62,1.76,9,6,0.725,0.1763,0.0987,0.5141,1.213,7.618,11.73,1.287,3.668,351.6,0
3354,2025,2026-04-21,126,134,2,3,9,7,1.38,1.04,3,1,0.4367,0.2304,0.3329,0.5924,2.46,3.284,2.965,1.92,1.903,-77.1,0
3355,2025,2026-04-22,177,139,3,2,14,6,2.78,1.01,13,3,0.1094,0.1846,0.706,0.5077,2.483,3.684,2.716,1.774,2.074,-286.4,0
3356,2025,2026-04-22,125,135,0,1,13,5,1.89,0.12,6,3,0.4471,0.3088,0.244,0.2761,2.285,3.001,3.646,2.545,1.523,37.5,0
3357,2025,2026-04-22,136,131,1,0,10,6,1.3,0.8,5,3,0.7719,0.13,0.0981,0.7543,1.238,6.86,10.357,1.32,3.383,312.9,0
3358,2025,2026-04-23,168,123,2,0,8,7,1.53,0.28,3,6,,,,,2.483,3.21,2.991,2.17,1.7,-4.2,0
3359,2025,2026-04-23,122,158,1,0,17,15,1.6,1.96,6,5,0.4183,0.2831,0.2986,0.3646,2.159,3.314,3.557,1.93,1.909,36.8,0
3360,2025,2026-04-23,164,133,1,1,15,7,0.8,1.39,7,0,,,,,3.383,3.331,2.212,1.984,1.845,-175.9,0
3361,2025,2026-04-24,134,130,1,1,19,12,1.08,1.19,7,6,0.249,0.2259,0.5251,0.5587,3.694,4.08,1.894,1.466,2.717,-216.9,0
3362,2025,2026-04-25,138,128,2,1,15,4,1.22,0.22,9,4,0.3952,0.3319,0.273,0.2355,2.088,3.316,3.776,1.94,1.889,-35.0,0
3363,2025,2026-04-25,135,136,0,2,4,13,1.14,1.79,6,3,0.1713,0.2149,0.6138,0.5071,5.908,3.956,1.604,1.93,1.897,-332.6,0
3364,2025,2026-04-25,124,126,2,1,12,7,1.4,1.56,4,4,0.3999,0.2459,0.3542,0.5222,2.287,3.269,3.286,2.017,1.828,5.4,0
3365,2025,2026-04-25,139,129,3,2,6,12,2.09,0.8,3,4,0.4786,0.2708,0.2506,0.3829,1.961,3.734,3.738,1.781,2.058,148.9,0
3366,2025,2026-04-26,122,125,3,3,24,13,2.38,2.23,6,4,0.3533,0.3134,0.3333,0.2844,2.684,3.399,2.636,1.747,2.102,-34.1,0
3367,2025,2026-04-26,164,177,1,2,12,4,0.99,0.4,6,1,,,,,2.249,3.31,3.335,2.224,1.674,5.0,0
3368,2025,2026-04-26,132,123,2,1,15,8,1.43,0.4,4,4,0.4701,0.2516,0.2783,0.4693,1.932,3.4,4.328,2.238,1.67,87.0,0
3369,2025,2026-04-26,133,131,2,1,13,9,1.89,1.98,7,5,0.5888,0.1907,0.2205,0.7043,1.925,3.68,3.902,1.659,2.243,77.1,0
3370,2025,2026-04-27,158,168,0,0,9,8,0.72,1.12,4,4,,,,,2.15,3.355,3.556,1.934,1.897,-7.8,0
3371,2025,2026-05-01,126,128,0,1,14,9,1.72,1.09,5,2,0.5111,0.2542,0.2347,0.4285,1.931,3.612,3.988,1.9,1.94,7.8,0
3372,2025,2026-05-02,133,168,5,1,20,12,2.36,0.76,7,3,,,,,1.762,4.136,4.172,1.498,2.633,162.8,0
3373,2025,2026-05-02,124,139,0,2,12,20,1.09,2.04,1,7,0.2212,0.2445,0.5343,0.4526,1.709,3.89,4.634,1.912,1.927,-194.3,0
3374,2025,2026-05-02,138,129,2,4,7,9,0.49,0.97,4,7,0.2409,0.3074,0.4518,0.278,2.758,3.321,2.616,2.198,1.692,-78.1,0
3375,2025,2026-05-02,132,136,1,2,9,13,0.8,1.29,3,7,0.1883,0.1973,0.6143,0.6173,4.8,4.234,1.661,1.543,2.481,-331.2,0
3376,2025,2026-05-03,131,177,3,1,6,15,1.05,1.71,4,2,0.6677,0.1927,0.1396,0.5436,1.725,3.914,4.724,1.723,2.146,79.6,0
3377,2025,2026-05-03,135,122,0,2,13,10,1.49,0.98,4,1,0.4042,0.3178,0.2781,0.2662,2.087,3.063,4.204,2.708,1.46,17.9,0
3378,2025,2026-05-03,134,164,3,0,10,17,1.53,1.59,5,4,,,,,1.627,4.057,5.418,1.856,1.985,163.6,0
3379,2025,2026-05-03,158,130,0,2,17,16,1.21,2.1,5,6,0.173,0.2039,0.6232,0.5586,4.348,3.84,1.797,1.63,2.29,-358.3,0
3380,2025,2026-05-04,123,125,1,0,19,6,1.82,0.16,3,3,0.381,0.2818,0.3372,0.3765,2.41,3.256,3.099,2.14,1.726,-104.8,0
3381,2025,2026-05-08,168,132,3,2,35,5,2.99,0.63,15,1,,,,,2.593,3.284,2.796,1.952,1.881,-75.1,0
3382,2025,2026-05-09,177,138,1,1,16,12,1.39,2.05,7,3,0.2738,0.302,0.4243,0.3031,2.281,3.202,3.355,1.946,1.89,-6.3,0
3383,2025,2026-05-09,123,158,2,1,21,10,1.38,0.61,4,6,0.4506,0.2537,0.2957,0.4697,2.489,3.518,3.723,2.356,1.879,-1.2,0
3384,2025,2026-05-09,139,131,0,1,20,3,2.18,0.13,10,0,0.6876,0.176,0.1363,0.6162,1.82,3.816,4.262,1.669,2.216,169.3,0
3385,2025,2026-05-09,125,134,2,2,14,14,2.4,1.94,4,3,0.3897,0.2768,0.3335,0.3933,2.576,3.502,2.697,1.667,2.222,-80.4,0
3386,2025,2026-05-10,128,133,1,1,18,7,1.74,1.12,5,4,0.301,0.2585,0.4405,0.4527,2.514,3.478,2.77,1.738,2.126,-136.5,0
3387,2025,2026-05-10,129,124,0,1,14,7,0.93,1.19,13,5,0.5903,0.2475,0.1622,0.3774,1.659,3.778,5.558,2.114,1.739,56.3,0
3388,2025,2026-05-10,164,135,0,0,8,22,0.54,1.36,1,9,,,,,2.836,2.968,2.805,3.3,1.338,-72.7,0
3389,2025,2026-05-10,136,130,2,0,10,8,1.01,0.85,4,8,0.4818,0.2164,0.3018,0.65,1.671,4.722,4.246,1.351,3.216,53.5,0
3390,2025,2026-05-11,122,126,1,1,18,9,1.2,0.98,9,5,0.3652,0.2601,0.3748,0.4605,2.267,3.267,3.346,1.946,1.884,41.4,0
3391,2025,2026-05-12,131,168,2,3,11,14,2.18,1.52,4,4,,,,,1.916,3.704,3.96,1.792,2.043,96.1,0
3392,2025,2026-05-12,134,177,2,1,16,8,1.8,0.4,8,1,0.695,0.1875,0.1175,0.5154,1.642,4.124,5.082,1.659,2.24,162.4,0
3393,2025,2026-05-12,132,139,1,2,23,5,2.3,1.56,8,4,0.2294,0.2389,0.5317,0.4824,2.647,3.466,2.624,1.813,2.01,-179.1,0
3394,2025,2026-05-13,158,129,2,0,12,11,0.76,0.82,8,9,0.2453,0.273,0.4817,0.3729,2.812,2.906,2.879,2.593,1.51,-108.7,0
3395,2025,2026-05-13,133,123,2,3,6,13,0.83,0.87,6,4,0.6244,0.19,0.1856,0.6504,2.114,3.357,3.622,1.826,2.015,177.5,0
3396,2025,2026-05-13,138,136,1,0,9,8,0.72,0.6,6,4,0.1719,0.2132,0.6148,0.5152,3.067,3.772,2.195,1.578,2.391,-422.7,0
3397,2025,2026-05-13,135,128,3,1,6,9,1.58,0.41,3,3,0.3921,0.3349,0.273,0.2296,2.352,2.916,3.61,3.049,1.382,3.6,0
3398,2025,2026-05-14,124,122,1,1,12,6,0.76,1.16,5,1,0.4414,0.2889,0.2696,0.337,2.29,3.046,3.578,2.288,1.637,-1.2,0
3399,2025,2026-05-14,126,125,1,1,29,6,2.11,0.33,6,3,0.462,0.252,0.286,0.4719,1.946,3.772,3.698,1.758,2.092,-45.1,0
3400,2025,2026-05-14,130,164,2,0,19,9,1.36,1.04,4,5,,,,,1.249,6.49,10.902,1.441,2.78,374.1,0
3401,2025,2026-05-17,129,131,1,1,27,3,2.49,0.15,5,0,0.5974,0.2246,0.178,0.4776,2.157,3.185,3.685,2.218,1.671,-16.3,0
3402,2025,2026-05-17,139,126,1,0,17,25,1.97,2.17,9,8,0.6742,0.1782,0.1476,0.6324,1.813,3.813,4.282,1.672,2.2,222.4,0
3403,2025,2026-05-17,177,135,1,0,10,4,0.66,0.11,4,0,0.2741,0.3047,0.4211,0.2962,2.303,2.906,3.57,2.735,1.449,-73.2,0
3404,2025,2026-05-17,168,128,2,0,15,8,2.39,0.3,4,6,,,,,2.081,3.392,3.678,1.917,1.904,-7.6,0
3405,2025,2026-05-17,122,133,2,0,15,11,1.49,0.97,1,9,0.3032,0.2462,0.4506,0.505,1.985,3.543,3.753,1.754,2.075,-94.6,0
3406,2025,2026-05-17,125,124,3,4,8,13,1.15,1.67,3,2,0.4488,0.2865,0.2647,0.3419,2.437,3.201,3.07,1.95,1.868,13.2,0
3407,2025,2026-05-17,164,138,0,1,7,7,0.33,1.06,5,2,,,,,3.802,3.183,2.073,2.397,1.573,-45.0,0
3408,2025,2026-05-17,132,158,1,2,24,7,1.72,0.79,9,2,0.4741,0.2535,0.2725,0.4582,2.16,2.934,4.052,2.314,1.607,57.1,0
3409,2025,2026-05-17,123,130,0,1,14,12,0.72,1.0,4,4,0.1768,0.2031,0.6201,0.5688,3.63,3.737,1.964,1.639,2.262,-336.8,0
3410,2025,2026-05-17,136,134,3,1,15,7,1.12,0.97,6,4,0.7106,0.1598,0.1296,0.6844,1.345,5.807,7.467,1.323,3.365,248.0,0
3411,2025,2026-05-23,138,122,1,2,19,15,1.63,1.34,10,5,0.4072,0.315,0.2778,0.2727,2.105,3.31,3.655,2.087,1.74,-53.3,0
3412,2025,2026-05-23,134,168,2,1,19,15,1.57,2.53,4,8,,,,,2.338,3.462,3.011,1.609,2.31,116.3,0
3413,2025,2026-05-23,131,123,1,0,12,9,1.6,0.8,4,3,0.5087,0.2286,0.2627,0.5585,1.868,3.417,4.532,2.205,1.669,81.7,0
3414,2025,2026-05-23,158,125,1,1,17,9,2.41,1.4,3,5,0.3734,0.2853,0.3413,0.3654,2.276,3.564,3.131,1.788,2.088,-48.0,0
3415,2025,2026-05-23,135,132,1,0,7,11,0.27,0.51,2,4,0.3895,0.2933,0.3172,0.3376,3.022,2.58,3.038,3.38,1.317,5.2,0
3416,2025,2026-05-23,128,164,3,0,23,7,2.61,0.34,5,5,,,,,1.486,4.37,6.708,1.887,1.923,56.8,0
3417,2025,2026-05-23,130,129,4,2,13,8,1.9,0.81,2,1,0.532,0.2482,0.2198,0.4373,1.548,4.633,5.252,1.432,2.79,281.0,0
3418,2025,2026-05-23,124,136,3,1,19,11,1.35,1.18,7,8,0.182,0.2012,0.6168,0.5872,3.423,4.03,1.953,1.45,2.725,-336.5,0
3419,2025,2026-05-23,126,177,1,1,10,3,0.58,0.18,2,1,0.6959,0.1781,0.126,0.5796,1.798,3.757,4.393,1.773,2.035,28.1,0
3420,2025,2026-05-24,133,139,5,1,14,9,2.48,1.16,5,9,0.3324,0.226,0.4416,0.6151,2.547,3.857,2.523,1.386,3.005,-109.6,0
